Pack ID / Elevation(s) / Pack-Option Name Cleaned,Shipping Order/ Pack Number,Elevation Letter Combined,Option,Elevation/Option Combined,Elevation/ Option 1,Elevation/ Option 2,Elevation/ Option 3,Plan#,,,ItemNo,Type,,Final Code
|09.00 WO BASEMENT WALLS     ,1,,,WO,WO,,,XXXX,09.00,WO BASEMENT WALLS     ,1000,Framing,,XXXX-09.00-1000
|09.20 WO BASEMENT WALLS 2    ,1,,WO2,WO2,WO2,,,XXXX,09.20,WO BASEMENT WALLS 2    ,1000,Framing,,XXXX-09.20-1000
|10.00 FOUNDATION       ,1,,,,,,,XXXX,10.00,FOUNDATION       ,1000,Framing,,XXXX-10-1000
|10.01 OPT FOUNDATION      ,1,,FPSING01,FPSING01,FPSING01,,,XXXX,10.01,OPT FOUNDATION      ,1000,Framing,,XXXX-10.01-1000
|10.60 EXTENDED GREAT ROOM FOUNDATION    ,1,,XGREAT,XGREAT,XGREAT,,,XXXX,10.60,EXTENDED GREAT ROOM FOUNDATION    ,1000,Framing,,XXXX-10.6-1000
|10.61 SUNROOM FOUNDATION      ,1,,SUN,SUN,SUN,,,XXXX,10.61,SUNROOM FOUNDATION      ,1000,Framing,,XXXX-10.61-1000
|10.82 OPT DEN FOUNDATION     ,1,,,,,,,XXXX,10.82,OPT DEN FOUNDATION     ,1000,Framing,,XXXX-10.82-1000
|10.82 OPT DEN FOUNDATION     ,1,"B, C, D",,"ELVB, ELVC, ELVD",ELVB,ELVC,ELVD,XXXX,10.82,OPT DEN FOUNDATION     ,1000,Framing,,XXXX-10.82-1000
|10.83 OPT DEN W/FULL BATH FOUNDATION   ,1,"B, C, D",,"ELVB, ELVC, ELVD",ELVB,ELVC,ELVD,XXXX,10.83,OPT DEN W/FULL BATH FOUNDATION   ,1000,Framing,,XXXX-10.83-1000
|10.tc TALLCRAWL FRAMING      ,1,,TALLCRWL,TALLCRWL,TALLCRWL,,,XXXX,10.tc,TALLCRAWL FRAMING      ,1000,Framing,,XXXX-10.tc-1000
|10.00 FOUNDATION       ,1,"B, C, D",,"ELVB, ELVC, ELVD",ELVB,ELVC,ELVD,XXXX,10.00,FOUNDATION       ,1000,Framing,,XXXX-10-1000
|11.00 MAIN JOIST SYSTEM @FOUNDATION    ,1,,,,,,,XXXX,11.00,MAIN JOIST SYSTEM @FOUNDATION    ,1000,Framing,,XXXX-11-1000
|11.01 MAIN JOIST SYSTEM FIREPLACE ADD ON @FOUNDATION ,1,,FPSING,FPSING,FPSING,,,XXXX,11.01,MAIN JOIST SYSTEM FIREPLACE ADD ON @FOUNDATION ,1000,Framing,,XXXX-11.01-1000
|11.60 MAIN JOIST SYSTEM @ EXTENDED GREAT ROOM ,1,,XGREAT,XGREAT,XGREAT,,,XXXX,11.60,MAIN JOIST SYSTEM @ EXTENDED GREAT ROOM ,1000,Framing,,XXXX-11.6-1000
|11.62 MAIN JOIST SYSTEM LOFT 2 ADD ON @FOUNDATION,1,,LOFT2,LOFT2,LOFT2,,,XXXX,11.62,MAIN JOIST SYSTEM LOFT 2 ADD ON @FOUNDATION,1000,Framing,,XXXX-11.62-1000
|12.00 OPT 3RD CAR GARAGE FOUNDATION   ,1,,"3CARA, 3CARB, 3CARC","3CARA, 3CARB, 3CARC",3CARA,3CARB,3CARC,XXXX,12.00,OPT 3RD CAR GARAGE FOUNDATION   ,1000,Framing,,XXXX-12-1000
|12.40 OPT 4 CAR GARAGE TANDEM FOUNDATION  ,1,,"4CARTA, 4CARTB, 4CARTC","4CARTA, 4CARTB, 4CARTC",4CARTA,4CARTB,4CARTC,XXXX,12.40,OPT 4 CAR GARAGE TANDEM FOUNDATION  ,1000,Framing,,XXXX-12.4-1000
|12.2x OPT 2 CAR GARAGE 2' EXT FOUNDATION ,1,,GAREXT2,GAREXT2,GAREXT2,,,XXXX,12.2x,OPT 2 CAR GARAGE 2' EXT FOUNDATION ,1000,Framing,,XXXX-12.2x-1000
|12.4x OPT 2 CAR GARAGE 4' EXT FOUNDATION ,1,"A, B, C","2CAR4XA, 2CAR4XB, 2CAR4XC","2CAR4XA, 2CAR4XB, 2CAR4XC",2CAR4XA,2CAR4XB,2CAR4XC,XXXX,12.4x,OPT 2 CAR GARAGE 4' EXT FOUNDATION ,1000,Framing,,XXXX-12.4x-1000
|12.5x OPT 2 CAR GARAGE 5' EXT FOUNDATION ,1,"A, B","2CAR5XA, 2CAR5XB","2CAR5XA, 2CAR5XB",2CAR5XA,2CAR5XB,,XXXX,12.5x,OPT 2 CAR GARAGE 5' EXT FOUNDATION ,1000,Framing,,XXXX-12.5x-1000
|12.00 3RD CAR GARAGE FOUNDATION    ,1,"A, B, D","3CARA, 3CARB, 3CARD","3CARA, 3CARB, 3CARD",3CARA,3CARB,3CARD,XXXX,12.00,3RD CAR GARAGE FOUNDATION    ,1000,Framing,,XXXX-12-1000
|12.00 3RD CAR GARAGE FOUNDATION    ,1,"B, C, D","3CARB, 3CARC, 3CARD","3CARB, 3CARC, 3CARD",3CARB,3CARC,3CARD,XXXX,12.00,3RD CAR GARAGE FOUNDATION    ,1000,Framing,,XXXX-12-1000
|13.10 COVERED PATIO FOUNDATION     ,1,,COVP,COVP,COVP,,,XXXX,13.10,COVERED PATIO FOUNDATION     ,1000,Framing,,XXXX-13.1-1000
|13.20 COVERED PATIO 2 FOUNDATION    ,1,,COVP2,COVP2,COVP2,,,XXXX,13.20,COVERED PATIO 2 FOUNDATION    ,1000,Framing,,XXXX-13.2-1000
|13.20 COVERED PATIO 2 FOUNDATION    ,1,,COVP2,COVP2,COVP2,,,XXXX,13.20,COVERED PATIO 2 FOUNDATION    ,1000,Framing,,XXXX-13.2-1000
|13.30 COVERED PATIO 3 FOUNDATION    ,1,,COVP3,COVP3,COVP3,,,XXXX,13.30,COVERED PATIO 3 FOUNDATION    ,1000,Framing,,XXXX-13.3-1000
|14.10 DECK FOUNDATION      ,1,,DECK,DECK,DECK,,,XXXX,14.10,DECK FOUNDATION      ,1000,Framing,,XXXX-14.1-1000
|14.20 DECK FOUNDATION      ,1,,DECK2,DECK2,DECK2,,,XXXX,14.20,DECK FOUNDATION      ,1000,Framing,,XXXX-14.2-1000
|14.30 DECK FOUNDATION      ,1,,DECK3,DECK3,DECK3,,,XXXX,14.30,DECK FOUNDATION      ,1000,Framing,,XXXX-14.3-1000
|15.10 COVERED DECK FOUNDATION     ,1,,COVD,COVD,COVD,,,XXXX,15.10,COVERED DECK FOUNDATION     ,1000,Framing,,XXXX-15.1-1000
|15.20 COVERED DECK FOUNDATION     ,1,,COVD2,COVD2,COVD2,,,XXXX,15.20,COVERED DECK FOUNDATION     ,1000,Framing,,XXXX-15.2-1000
|15.30 COVERED DECK FOUNDATION     ,1,,COVD3,COVD3,COVD3,,,XXXX,15.30,COVERED DECK FOUNDATION     ,1000,Framing,,XXXX-15.3-1000
|16.10 TRUSSED MAIN FLOOR OVER BASEMENT   ,1,,WO,WO,WO,,,XXXX,16.10,TRUSSED MAIN FLOOR OVER BASEMENT   ,1000,Framing,,XXXX-16.1-1000
|16.61 WO BSMT MAIN FLOOR    ,1,,SUNWO,SUNWO,SUNWO,,,XXXX,16.61,WO BSMT MAIN FLOOR    ,1000,Framing,,XXXX-16.61-1000
"16.10, 16.20 OPT WO BASEMENT MAIN FLOOR SYSTEM  ",1,,"WO, WO2","WO, WO2",WO,WO2,,XXXX,"16.10, 16.20",OPT WO BASEMENT MAIN FLOOR SYSTEM  ,1000,Framing,,"XXXX-16.10, 16.20-1000"
|18.82 OPT DEN SUBFLOOR     ,2,,,,,,,XXXX,18.82,OPT DEN SUBFLOOR     ,1000,Framing,,XXXX-18.82-1000
|18.82 OPT DEN SUBFLOOR     ,2,"B, C, D",,"ELVB, ELVC, ELVD",ELVB,ELVC,ELVD,XXXX,18.82,OPT DEN SUBFLOOR     ,1000,Framing,,XXXX-18.82-1000
|18.83 OPT DEN W/FULL BATH SUBFLOOR   ,2,"B, C, D",,"ELVB, ELVC, ELVD",ELVB,ELVC,ELVD,XXXX,18.83,OPT DEN W/FULL BATH SUBFLOOR   ,1000,Framing,,XXXX-18.83-1000
|18.00 MAIN SUBFLOOR      ,2,"B, C, D",,"ELVB, ELVC, ELVD",ELVB,ELVC,ELVD,XXXX,18.00,MAIN SUBFLOOR      ,1000,Framing,,XXXX-18-1000
|20.00 MAIN FLOOR WALLS     ,3,,,,,,,XXXX,20.00,MAIN FLOOR WALLS     ,1000,Framing,,XXXX-20-1000
|20.01 OPT DBL      ,3,,SIDED FIREPLACE,SIDED FIREPLACE,SIDED FIREPLACE,,,XXXX,20.01,OPT DBL      ,1000,Framing,,XXXX-20.01-1000
|20.02 OPT GREAT ROOM WINDOWS    ,3,,WDWGREAT,WDWGREAT,WDWGREAT,,,XXXX,20.02,OPT GREAT ROOM WINDOWS    ,1000,Framing,,XXXX-20.02-1000
|20.02 OPT ALT GREAT ROOM WINDOWS W/ FIREPLACE ,3,,WDWGRALT,WDWGRALT,WDWGRALT,,,XXXX,20.02,OPT ALT GREAT ROOM WINDOWS W/ FIREPLACE ,1000,Framing,,XXXX-20.02-1000
|20.02 OPT GREAT ROOM WINDOW(S) @ EXT GRT RM,3,,WDWGRTX,WDWGRTX,WDWGRTX,,,XXXX,20.02,OPT GREAT ROOM WINDOW(S) @ EXT GRT RM,1000,Framing,,XXXX-20.02-1000
|20.06 OPT FLEX WINDOW     ,3,,,,,,,XXXX,20.06,OPT FLEX WINDOW     ,1000,Framing,,XXXX-20.06-1000
|20.12 OPT CENTER MEET DOOR    ,3,,MSLIDE1,MSLIDE1,MSLIDE1,,,XXXX,20.12,OPT CENTER MEET DOOR    ,1000,Framing,,XXXX-20.12-1000
|20.2l OPT CENTER MEET DOOR @ LOFT  ,3,,MSLIDE1,MSLIDE1,MSLIDE1,,,XXXX,20.2l,OPT CENTER MEET DOOR @ LOFT  ,1000,Framing,,XXXX-20.2l-1000
|20.13 OPT MULT      ,3,,"SLIDE DOOR, MSLIDE2","SLIDE DOOR, MSLIDE2",SLIDE DOOR,MSLIDE2,,XXXX,20.13,OPT MULT      ,1000,Framing,,XXXX-20.13-1000
|20.3l OPT MULTI      ,3,,"SLIDE DOOR @ LOFT, MSLIDE2","SLIDE DOOR @ LOFT, MSLIDE2",SLIDE DOOR @ LOFT,MSLIDE2,,XXXX,20.3l,OPT MULTI      ,1000,Framing,,XXXX-20.3l-1000
|20.14 OPT BEDROOM 2 WINDOW    ,3,,WDWBR2,WDWBR2,WDWBR2,,,XXXX,20.14,OPT BEDROOM 2 WINDOW    ,1000,Framing,,XXXX-20.14-1000
|20.15 OPT BEDROOM 3 WINDOW    ,3,,WDWBR3,WDWBR3,WDWBR3,,,XXXX,20.15,OPT BEDROOM 3 WINDOW    ,1000,Framing,,XXXX-20.15-1000
|20.15 OPT BEDROOM 3 WINDOW    ,3,,WDWBR3,WDWBR3,WDWBR3,,,XXXX,20.15,OPT BEDROOM 3 WINDOW    ,1000,Framing,,XXXX-20.15-1000
|20.16 OPT BEDROOM 4 WINDOW    ,3,,WDWBR4,WDWBR4,WDWBR4,,,XXXX,20.16,OPT BEDROOM 4 WINDOW    ,1000,Framing,,XXXX-20.16-1000
|20.17 OPT BEDROOM 5 WINDOW    ,3,,WDWBR5,WDWBR5,WDWBR5,,,XXXX,20.17,OPT BEDROOM 5 WINDOW    ,1000,Framing,,XXXX-20.17-1000
|20.19 OPT STUDY WINDOW     ,3,,WDWSTUDY,WDWSTUDY,WDWSTUDY,,,XXXX,20.19,OPT STUDY WINDOW     ,1000,Framing,,XXXX-20.19-1000
|20.20 OPT POWDER      ,3,,ABAPWDR,ABAPWDR,ABAPWDR,,,XXXX,20.20,OPT POWDER      ,1000,Framing,,XXXX-20.2-1000
|20.21 OPT DBA DELUXE MASTER BATH 1  ,3,,DBA,DBA,DBA,,,XXXX,20.21,OPT DBA DELUXE MASTER BATH 1  ,1000,Framing,,XXXX-20.21-1000
|20.22 OPT DBA2 DELUXE MASTER BATH 2  ,3,,DBA2,DBA2,DBA2,,,XXXX,20.22,OPT DBA2 DELUXE MASTER BATH 2  ,1000,Framing,,XXXX-20.22-1000
|20.23 OPT DBA DELUXE MASTER BATH 3  ,3,,DBA3,DBA3,DBA3,,,XXXX,20.23,OPT DBA DELUXE MASTER BATH 3  ,1000,Framing,,XXXX-20.23-1000
|20.24 OPT BEDROOM 4     ,3,,ABR4,ABR4,ABR4,,,XXXX,20.24,OPT BEDROOM 4     ,1000,Framing,,XXXX-20.24-1000
|20.24 OPT BEDROOM 4     ,3,,ABR4BA,ABR4BA,ABR4BA,,,XXXX,20.24,OPT BEDROOM 4     ,1000,Framing,,XXXX-20.24-1000
|20.25 OPT BEDROOM 5 W/ BATHROOM   ,3,,ABR5BA,ABR5BA,ABR5BA,,,XXXX,20.25,OPT BEDROOM 5 W/ BATHROOM   ,1000,Framing,,XXXX-20.25-1000
|20.27 OPT STUDY      ,3,,STUDY,STUDY,STUDY,,,XXXX,20.27,OPT STUDY      ,1000,Framing,,XXXX-20.27-1000
|20.28 OPT DINING ROOM     ,3,,,,,,,XXXX,20.28,OPT DINING ROOM     ,1000,Framing,,XXXX-20.28-1000
|20.29 OPT BED W/ BATHROOM ILO DEN  ,3,,,,,,,XXXX,20.29,OPT BED W/ BATHROOM ILO DEN  ,1000,Framing,,XXXX-20.29-1000
|20.33 OPT FRENCH DOUBLE DOOR    ,3,,FRENCHDB,FRENCHDB,FRENCHDB,,,XXXX,20.33,OPT FRENCH DOUBLE DOOR    ,1000,Framing,,XXXX-20.33-1000
|20.34 OPT POCKET OFFICE     ,3,,,,,,,XXXX,20.34,OPT POCKET OFFICE     ,1000,Framing,,XXXX-20.34-1000
|20.41 OPT DINING ROOM COFFERED CEILING   ,3,,COFDIN,COFDIN,COFDIN,,,XXXX,20.41,OPT DINING ROOM COFFERED CEILING   ,1000,Framing,,XXXX-20.41-1000
|20.42 OPT MBR COFFERED CEILING    ,3,,COFMBR,COFMBR,COFMBR,,,XXXX,20.42,OPT MBR COFFERED CEILING    ,1000,Framing,,XXXX-20.42-1000
|20.43 OPT ENTRY COFFERED CEILING    ,3,"A, B, C",,,,,,XXXX,20.43,OPT ENTRY COFFERED CEILING    ,1000,Framing,,XXXX-20.43-1000
|20.44 OPT LIVING ROOM COFFERED CEILING   ,3,,,,,,,XXXX,20.44,OPT LIVING ROOM COFFERED CEILING   ,1000,Framing,,XXXX-20.44-1000
|20.50 OPT BOOKCASE STUDY     ,3,,BOOK1,BOOK1,BOOK1,,,XXXX,20.50,OPT BOOKCASE STUDY     ,1000,Framing,,XXXX-20.5-1000
|20.60 EXTENDED GREAT ROOM WALLS    ,3,,XGREAT,XGREAT,XGREAT,,,XXXX,20.60,EXTENDED GREAT ROOM WALLS    ,1000,Framing,,XXXX-20.6-1000
|20.61 MAIN WALLS SUNROOM     ,3,,SUN,SUN,SUN,,,XXXX,20.61,MAIN WALLS SUNROOM     ,1000,Framing,,XXXX-20.61-1000
|20.70 MAIN WALL OPT BDR 3   ,3,,,,,,,XXXX,20.70,MAIN WALL OPT BDR 3   ,1000,Framing,,XXXX-20.7-1000
|20.81 OPT CLUBHOUSE RETREAT     ,3,,RETREAT,RETREAT,RETREAT,,,XXXX,20.81,OPT CLUBHOUSE RETREAT     ,1000,Framing,,XXXX-20.81-1000
|20.82 OPT DEN WALLS     ,3,,,,,,,XXXX,20.82,OPT DEN WALLS     ,1000,Framing,,XXXX-20.82-1000
|20.82 OPT DEN WALLS     ,3,"B, C, D",,,,,,XXXX,20.82,OPT DEN WALLS     ,1000,Framing,,XXXX-20.82-1000
|20.82 OPT DEN WALLS     ,3,,,,,,,XXXX,20.82,OPT DEN WALLS     ,1000,Framing,,XXXX-20.82-1000
|20.83 OPT DEN W/FULL BATH WALLS   ,3,"B, C, D",,,,,,XXXX,20.83,OPT DEN W/FULL BATH WALLS   ,1000,Framing,,XXXX-20.83-1000
|20.83 OPT DEN W/ FULL BALL WALLS  ,3,,,,,,,XXXX,20.83,OPT DEN W/ FULL BALL WALLS  ,1000,Framing,,XXXX-20.83-1000
|20.ak Alternate Kitchen      ,3,,,,,,,XXXX,20.ak,Alternate Kitchen      ,1000,Framing,,XXXX-20.ak-1000
|20.lo MAIN FLOOR WALLS (LOFT)    ,3,"A, B, C",,"ELVA, ELVB, ELVC",ELVA,ELVB,ELVC,XXXX,20.lo,MAIN FLOOR WALLS (LOFT)    ,1000,Framing,,XXXX-20.lo-1000
|20.nl MAIN FLOOR WALLS (NO LOFT)   ,3,"A, B, C",,"ELVA, ELVB, ELVC",ELVA,ELVB,ELVC,XXXX,20.nl,MAIN FLOOR WALLS (NO LOFT)   ,1000,Framing,,XXXX-20.nl-1000
|20.00 MAIN FLOOR WALLS     ,3,"B, C",,,,,,XXXX,20.00,MAIN FLOOR WALLS     ,1000,Framing,,XXXX-20-1000
|20.00 MAIN FLOOR WALLS     ,3,"B, C, D",,,,,,XXXX,20.00,MAIN FLOOR WALLS     ,1000,Framing,,XXXX-20-1000
|20.00 MAIN WALLS      ,3,D,,,,,,XXXX,20.00,MAIN WALLS      ,1000,Framing,,XXXX-20-1000
|20.ma FRAMING MASONRY      ,3,,,,,,,XXXX,20.ma,FRAMING MASONRY      ,1000,Framing,,XXXX-20.ma-1000
|20.rf MAIN WALLS READYFRAME     ,3,,,,,,,XXXX,20.rf,MAIN WALLS READYFRAME     ,1000,Framing,,XXXX-20.rf-1000
|22.40 OPT 4 CAR GARAGE TANDEM WALLS  ,3,A,4CARTA,4CARTA,4CARTA,,,XXXX,22.40,OPT 4 CAR GARAGE TANDEM WALLS  ,1000,Framing,,XXXX-22.4-1000
|22.40 OPT 4 CAR GARAGE TANDEM WALLS  ,3,"B, C","3CARTB, 3CARTC","3CARTB, 3CARTC",3CARTB,3CARTC,,XXXX,22.40,OPT 4 CAR GARAGE TANDEM WALLS  ,1000,Framing,,XXXX-22.4-1000
|22.4x OPT 2 CAR GARAGE 4' EXT WALLS ,3,,2CAR4XA,2CAR4XA,2CAR4XA,,,XXXX,22.4x,OPT 2 CAR GARAGE 4' EXT WALLS ,1000,Framing,,XXXX-22.4x-1000
|22.4x OPT 2 CAR GARAGE 4' EXT WALLS ,3,,2CAR4XB,2CAR4XB,2CAR4XB,,,XXXX,22.4x,OPT 2 CAR GARAGE 4' EXT WALLS ,1000,Framing,,XXXX-22.4x-1000
|22.4x OPT 2 CAR GARAGE 4' EXT WALLS ,3,,2CAR4XC,2CAR4XC,2CAR4XC,,,XXXX,22.4x,OPT 2 CAR GARAGE 4' EXT WALLS ,1000,Framing,,XXXX-22.4x-1000
|22.2x OPT EXTENDED GARAGE WALLS    ,3,,GAREXT2,GAREXT2,GAREXT2,,,XXXX,22.2x,OPT EXTENDED GARAGE WALLS    ,1000,Framing,,XXXX-22.2x-1000
|22.2x OPT EXTENDED GARAGE WALLS    ,3,,"OPTI PLATE, GAREXT2","OPTI PLATE, GAREXT2",OPTI PLATE,GAREXT2,,XXXX,22.2x,OPT EXTENDED GARAGE WALLS    ,1000,Framing,,XXXX-22.2x-1000
|22.4x OPT 2 CAR GARAGE 4' EXT WALLS ,3,"A, B, C","2CAR4XA, 2CAR4XB, 2CAR4XC","2CAR4XA, 2CAR4XB, 2CAR4XC",2CAR4XA,2CAR4XB,2CAR4XC,XXXX,22.4x,OPT 2 CAR GARAGE 4' EXT WALLS ,1000,Framing,,XXXX-22.4x-1000
|22.5x OPT 2 CAR GARAGE 5' EXT WALLS ,3,"A, B","2CAR5XA, 2CAR5XB","ELVA, ELVB, 2CAR5XA, 2CAR5XB",ELVA,ELVB,2CAR5XA,XXXX,22.5x,OPT 2 CAR GARAGE 5' EXT WALLS ,1000,Framing,,XXXX-22.5x-1000
|22.5x OPT 2 CAR GARAGE 5' EXT WALLS ,3,C,2CAR5XC,"ELVC, 2CAR5XC",ELVC,2CAR5XC,,XXXX,22.5x,OPT 2 CAR GARAGE 5' EXT WALLS ,1000,Framing,,XXXX-22.5x-1000
|22.00 3RD CAR GARAGE WALLS    ,3,"B, C",,,,,,XXXX,22.00,3RD CAR GARAGE WALLS    ,1000,Framing,,XXXX-22-1000
|22.00 3RD CAR GARAGE WALLS    ,3,"B, C, D",,,,,,XXXX,22.00,3RD CAR GARAGE WALLS    ,1000,Framing,,XXXX-22-1000
|22.00 3RD CAR GARAGE WALLS    ,3,D,,,,,,XXXX,22.00,3RD CAR GARAGE WALLS    ,1000,Framing,,XXXX-22-1000
|23.00 COVERED PATIO      ,3,,COVP,COVP,COVP,,,XXXX,23.00,COVERED PATIO      ,1000,Framing,,XXXX-23-1000
|23.10 COVERED PATIO      ,3,,COVP,COVP,COVP,,,XXXX,23.10,COVERED PATIO      ,1000,Framing,,XXXX-23.1-1000
|23.20 COVERED PATIO 2     ,3,,,,,,,XXXX,23.20,COVERED PATIO 2     ,1000,Framing,,XXXX-23.2-1000
|23.20 COVERED PATIO 2     ,3,,COVP2,COVP2,COVP2,,,XXXX,23.20,COVERED PATIO 2     ,1000,Framing,,XXXX-23.2-1000
|23.30 COVERED PATIO 3     ,3,,COVP3,COVP3,COVP3,,,XXXX,23.30,COVERED PATIO 3     ,1000,Framing,,XXXX-23.3-1000
|23.61 SUNROOM COVERED PATIO     ,3,,COVPSN1,COVPSN1,COVPSN1,,,XXXX,23.61,SUNROOM COVERED PATIO     ,1000,Framing,,XXXX-23.61-1000
|23.sr COVERED PATIO @ SUNROOM    ,3,,"SUN, SUNWO, COVPSN1, COVD1SN","SUN, SUNWO, COVPSN1, COVD1SN",SUN,SUNWO,COVPSN1,XXXX,23.sr,COVERED PATIO @ SUNROOM    ,1000,Framing,,XXXX-23.sr-1000
|23.xc EXTENDED COVERED PATIO     ,3,,COVPX,COVPX,COVPX,,,XXXX,23.xc,EXTENDED COVERED PATIO     ,1000,Framing,,XXXX-23.xc-1000
|24.00 DECK FRAMING      ,3,,WO,WO,WO,,,XXXX,24.00,DECK FRAMING      ,1000,Framing,,XXXX-24-1000
|24.10 DECK FRAMING      ,3,,DECK,DECK,DECK,,,XXXX,24.10,DECK FRAMING      ,1000,Framing,,XXXX-24.1-1000
|24.20 DECK FRAMING      ,3,,DECK2,DECK2,DECK2,,,XXXX,24.20,DECK FRAMING      ,1000,Framing,,XXXX-24.2-1000
|24.30 DECK FRAMING      ,3,,DECK3,DECK3,DECK3,,,XXXX,24.30,DECK FRAMING      ,1000,Framing,,XXXX-24.3-1000
|24.60 DECK FRAMING @ EXT GRT RM WALKOUT ,3,,"XGREAT, COVD2, WO2","XGREAT, COVD2, WO2",XGREAT,COVD2,WO2,XXXX,24.60,DECK FRAMING @ EXT GRT RM WALKOUT ,1000,Framing,,XXXX-24.6-1000
|24.ed EXT DECK FRAMING     ,3,,"COVD2, WO","COVD2, WO",COVD2,WO,,XXXX,24.ed,EXT DECK FRAMING     ,1000,Framing,,XXXX-24.ed-1000
|24.sr DECK FRAMING @ SUNROOM    ,3,,"SUN, COVD1SN, SUNWO","SUN, COVD1SN, SUNWO",SUN,COVD1SN,SUNWO,XXXX,24.sr,DECK FRAMING @ SUNROOM    ,1000,Framing,,XXXX-24.sr-1000
|24.sr DECK FRAMING @ SUNROOM    ,3,,"COVD1SN, SUNWO","COVD1SN, SUNWO",COVD1SN,SUNWO,,XXXX,24.sr,DECK FRAMING @ SUNROOM    ,1000,Framing,,XXXX-24.sr-1000
|25.10 COVERED DECK      ,3,,COVD,COVD,COVD,,,XXXX,25.10,COVERED DECK      ,1000,Framing,,XXXX-25.1-1000
|25.10 COVERED DECK FRAMING     ,3,,COVD,COVD,COVD,,,XXXX,25.10,COVERED DECK FRAMING     ,1000,Framing,,XXXX-25.1-1000
|25.1s COVERED DECK STAIR FRAMING    ,3,,COVD,COVD,COVD,,,XXXX,25.1s,COVERED DECK STAIR FRAMING    ,1000,Framing,,XXXX-25.1s-1000
|25.20 COVERED DECK FRAMING     ,3,,COVD2,COVD2,COVD2,,,XXXX,25.20,COVERED DECK FRAMING     ,1000,Framing,,XXXX-25.2-1000
|25.30 COVERED DECK FRAMING     ,3,,COVD3,COVD3,COVD3,,,XXXX,25.30,COVERED DECK FRAMING     ,1000,Framing,,XXXX-25.3-1000
|25.tc DECK FRAMING      ,3,,TALLCRWL,TALLCRWL,TALLCRWL,,,XXXX,25.tc,DECK FRAMING      ,1000,Framing,,XXXX-25.tc-1000
|27.00 MAIN FLOOR SHAFTLINER     ,3,A,,ELVA,ELVA,,,XXXX,27.00,MAIN FLOOR SHAFTLINER     ,1000,Framing,,XXXX-27-1000
|30.00 2ND FLOOR SYSTEM     ,3,,,,,,,XXXX,30.00,2ND FLOOR SYSTEM     ,1000,Framing,,XXXX-30-1000
|30.00 2ND FLOOR SYSTEM|     ,3,,,,,,,XXXX,30.00,2ND FLOOR SYSTEM|     ,1000,Framing,,XXXX-30-1000
|30.21 OPT DBA DELUXE MASTER BATH 1  ,3,,DBA,DBA,DBA,,,XXXX,30.21,OPT DBA DELUXE MASTER BATH 1  ,1000,Framing,,XXXX-30.21-1000
|30.22 OPT DBA2 DELUXE MASTER BATH 2  ,3,,DBA2,DBA2,DBA2,,,XXXX,30.22,OPT DBA2 DELUXE MASTER BATH 2  ,1000,Framing,,XXXX-30.22-1000
|30.62 OPT LOFT2 2ND FLOOR SYSTEM (SHIP WITH MAIN,3,,LOFT2,LOFT2,LOFT2,,,XXXX,30.62,OPT LOFT2 2ND FLOOR SYSTEM (SHIP WITH MAIN,1000,Framing,,XXXX-30.62-1000
|30.nl 2ND FLOOR SYSTEM (SHIP WITH MAIN WALLS ,3,"A, B, C",,"ELVA, ELVB, ELVC",ELVA,ELVB,ELVC,XXXX,30.nl,2ND FLOOR SYSTEM (SHIP WITH MAIN WALLS ,1000,Framing,,XXXX-30.nl-1000
|30.00 2ND FLOOR SYSTEM     ,3,"B, C, D",,,,,,XXXX,30.00,2ND FLOOR SYSTEM     ,1000,Framing,,XXXX-30-1000
|32.00 2ND FLOOR SUBFLOOR     ,4,,,,,,,XXXX,32.00,2ND FLOOR SUBFLOOR     ,1000,Framing,,XXXX-32-1000
|32.62 OPT LOFT2 2ND FLOOR SUBFLOOR   ,4,,LOFT2,LOFT2,LOFT2,,,XXXX,32.62,OPT LOFT2 2ND FLOOR SUBFLOOR   ,1000,Framing,,XXXX-32.62-1000
|32.lo 2ND FLOOR DECKING     ,4,,LOFT,LOFT,LOFT,,,XXXX,32.lo,2ND FLOOR DECKING     ,1000,Framing,,XXXX-32.lo-1000
|32.00 2ND FLOOR SUBFLOOR     ,4,"B, C, D",,,,,,XXXX,32.00,2ND FLOOR SUBFLOOR     ,1000,Framing,,XXXX-32-1000
|34.00 2ND FLOOR DECKING & WALLS   ,4,,,,,,,XXXX,34.00,2ND FLOOR DECKING & WALLS   ,1000,Framing,,XXXX-34-1000
|34.10 LAUNDRY ROOM WINDOW     ,4,,,,,,,XXXX,34.10,LAUNDRY ROOM WINDOW     ,1000,Framing,,XXXX-34.1-1000
|34.10 OPT BATHROOM 2 WINDOW    ,4,,,,,,,XXXX,34.10,OPT BATHROOM 2 WINDOW    ,1000,Framing,,XXXX-34.1-1000
|34.11 OPT MASTER BEDROOM WINDOW(S)    ,4,,WDWMBR,WDWMBR,WDWMBR,,,XXXX,34.11,OPT MASTER BEDROOM WINDOW(S)    ,1000,Framing,,XXXX-34.11-1000
|34.14 OPT BEDROOM 2 WINDOW    ,4,,WDWBR2,WDWBR2,WDWBR2,,,XXXX,34.14,OPT BEDROOM 2 WINDOW    ,1000,Framing,,XXXX-34.14-1000
|34.15 OPT BEDROOM 3 WINDOW    ,4,,WDWBR3,WDWBR3,WDWBR3,,,XXXX,34.15,OPT BEDROOM 3 WINDOW    ,1000,Framing,,XXXX-34.15-1000
|34.16 OPT BATHROOM 2 WINDOW    ,4,,WDWBA2,WDWBA2,WDWBA2,,,XXXX,34.16,OPT BATHROOM 2 WINDOW    ,1000,Framing,,XXXX-34.16-1000
|34.21 OPT DBA DELUXE MASTER BATH 1  ,4,,DBA,DBA,DBA,,,XXXX,34.21,OPT DBA DELUXE MASTER BATH 1  ,1000,Framing,,XXXX-34.21-1000
|34.22 OPT DBA2 DELUXE MASTER BATH 2  ,4,,DBA2,DBA2,DBA2,,,XXXX,34.22,OPT DBA2 DELUXE MASTER BATH 2  ,1000,Framing,,XXXX-34.22-1000
|34.23 OPT DELUXE MBA1     ,4,,,,,,,XXXX,34.23,OPT DELUXE MBA1     ,1000,Framing,,XXXX-34.23-1000
|34.24 OPT BEDROOM 4     ,4,,ABR4,ABR4,ABR4,,,XXXX,34.24,OPT BEDROOM 4     ,1000,Framing,,XXXX-34.24-1000
|34.24 OPT BEDROOM 4     ,4,"B, C, D",,,,,,XXXX,34.24,OPT BEDROOM 4     ,1000,Framing,,XXXX-34.24-1000
|34.25 OPT BEDROOM 5     ,4,,ABR5,ABR5,ABR5,,,XXXX,34.25,OPT BEDROOM 5     ,1000,Framing,,XXXX-34.25-1000
|34.25 OPT BEDROOM 5     ,4,,ABR5BA3,ABR5BA3,ABR5BA3,,,XXXX,34.25,OPT BEDROOM 5     ,1000,Framing,,XXXX-34.25-1000
|34.25 OPT BEDROOM 5     ,4,,ABR5BA4,ABR5BA4,ABR5BA4,,,XXXX,34.25,OPT BEDROOM 5     ,1000,Framing,,XXXX-34.25-1000
|34.26 OPT BEDROOM 6     ,4,,ABR6,ABR6,ABR6,,,XXXX,34.26,OPT BEDROOM 6     ,1000,Framing,,XXXX-34.26-1000
|34.26 OPT BEDROOM 6 W/ BATHROOM   ,4,,ABR6,ABR6,ABR6,,,XXXX,34.26,OPT BEDROOM 6 W/ BATHROOM   ,1000,Framing,,XXXX-34.26-1000
|34.27 OPT MBR SITTING     ,4,,SITTING,SITTING,SITTING,,,XXXX,34.27,OPT MBR SITTING     ,1000,Framing,,XXXX-34.27-1000
|34.61 LOFT BECOMES BEDROOM     ,4,,,,,,,XXXX,34.61,LOFT BECOMES BEDROOM     ,1000,Framing,,XXXX-34.61-1000
|34.62 OPT LOFT2 2ND FLOOR WALLS   ,4,,LOFT2,LOFT2,LOFT2,,,XXXX,34.62,OPT LOFT2 2ND FLOOR WALLS   ,1000,Framing,,XXXX-34.62-1000
|34.80 OPT RETREAT      ,4,,,,,,,XXXX,34.80,OPT RETREAT      ,1000,Framing,,XXXX-34.8-1000
|34.80 OPT RETREAT      ,4,"B, C, D",,,,,,XXXX,34.80,OPT RETREAT      ,1000,Framing,,XXXX-34.8-1000
|34.lp 2ND FLOOR WALLS (LOFT)    ,4,"A, B, C",,"ELVA, ELVB, ELVC",ELVA,ELVB,ELVC,XXXX,34.lp,2ND FLOOR WALLS (LOFT)    ,1000,Framing,,XXXX-34.lp-1000
|34.nl 2ND FLOOR WALLS (NO LOFT)   ,4,"A, B, C",,"ELVA, ELVB, ELVC",ELVA,ELVB,ELVC,XXXX,34.nl,2ND FLOOR WALLS (NO LOFT)   ,1000,Framing,,XXXX-34.nl-1000
|34.9t 2ND FLOOR WALLS 9'    ,4,,,,,,,XXXX,34.9t,2ND FLOOR WALLS 9'    ,1000,Framing,,XXXX-34.9t-1000
|34.9t 2ND WALLS 9' CEILING    ,4,,92L,92L,,,,XXXX,34.9t,2ND WALLS 9' CEILING    ,1000,Framing,,XXXX-34.9t-1000
|34.00 2ND FLOOR WALLS     ,4,"B, C, D",,,,,,XXXX,34.00,2ND FLOOR WALLS     ,1000,Framing,,XXXX-34-1000
|34.00 2ND FLOOR WALLS     ,4,C,,,,,,XXXX,34.00,2ND FLOOR WALLS     ,1000,Framing,,XXXX-34-1000
|34.00 2ND FLOOR WALLS     ,4,D,,,,,,XXXX,34.00,2ND FLOOR WALLS     ,1000,Framing,,XXXX-34-1000
|34.rf 2ND FLOOR WALLS READYFRAME    ,4,"B, C",,,,,,XXXX,34.rf,2ND FLOOR WALLS READYFRAME    ,1000,Framing,,XXXX-34.rf-1000
|34.rf 2ND FLOOR WALLS READYFRAME    ,4,"B, C, D",,,,,,XXXX,34.rf,2ND FLOOR WALLS READYFRAME    ,1000,Framing,,XXXX-34.rf-1000
|34.rf 2ND FLOOR WALLS READYFRAME    ,4,D,,,,,,XXXX,34.rf,2ND FLOOR WALLS READYFRAME    ,1000,Framing,,XXXX-34.rf-1000
|40.00 ROOF       ,5,,,,,,,XXXX,40.00,ROOF       ,1000,Framing,,XXXX-40-1000
|40.60 EXTENDED GREAT ROOM ROOF    ,5,,"XGREAT, WO2","XGREAT, WO2",XGREAT,WO2,,XXXX,40.60,EXTENDED GREAT ROOM ROOF    ,1000,Framing,,XXXX-40.6-1000
|40.61 ROOF SUNROOM      ,5,,SUN,SUN,SUN,,,XXXX,40.61,ROOF SUNROOM      ,1000,Framing,,XXXX-40.61-1000
|40.80 OPT BUILD-OUT ROOF,5,"A, C, D",,"ELVA, ELVC, ELVD",,,,XXXX,40.80,OPT BUILD-OUT ROOF,1000,Framing,,XXXX-40.8-1000
|40.00 ROOF       ,5,B,,,,,,XXXX,40.00,ROOF       ,1000,Framing,,XXXX-40-1000
|40.00 ROOF       ,5,"B, C",,,,,,XXXX,40.00,ROOF       ,1000,Framing,,XXXX-40-1000
|40.00 ROOF       ,5,"B, C, D",,,,,,XXXX,40.00,ROOF       ,1000,Framing,,XXXX-40-1000
|40.00 ROOF       ,5,C,,,,,,XXXX,40.00,ROOF       ,1000,Framing,,XXXX-40-1000
|40.00 ROOF       ,5,D,,,,,,XXXX,40.00,ROOF       ,1000,Framing,,XXXX-40-1000
|40.gs ROOF GABLE SHEETING     ,5,,,,,,,XXXX,40.gs,ROOF GABLE SHEETING     ,1000,Framing,,XXXX-40.gs-1000
|40.gs ROOF GABLE SHEETING     ,5,,,,,,,XXXX,40.gs,ROOF GABLE SHEETING     ,1000,Framing,,XXXX-40.gs-1000
|42.40 OPT 4 CAR GARAGE TANDEM ROOF  ,5,"A, B","3CARTA, 3CARTB","3CARTA, 3CARTB",3CARTA,3CARTB,,XXXX,42.40,OPT 4 CAR GARAGE TANDEM ROOF  ,1000,Framing,,XXXX-42.4-1000
|42.40 OPT 4 CAR GARAGE TANDEM ROOF  ,5,C,3CARTC,3CARTC,3CARTC,,,XXXX,42.40,OPT 4 CAR GARAGE TANDEM ROOF  ,1000,Framing,,XXXX-42.4-1000
|42.4x OPT 2 CAR GARAGE 4' EXT ROOF ,5,,2CAR4XA,2CAR4XA,2CAR4XA,,,XXXX,42.4x,OPT 2 CAR GARAGE 4' EXT ROOF ,1000,Framing,,XXXX-42.4x-1000
|42.4x OPT 2 CAR GARAGE 4' EXT ROOF ,5,,2CAR4XB,2CAR4XB,2CAR4XB,,,XXXX,42.4x,OPT 2 CAR GARAGE 4' EXT ROOF ,1000,Framing,,XXXX-42.4x-1000
|42.4x OPT 2 CAR GARAGE 4' EXT ROOF ,5,,2CAR4XC,2CAR4XC,2CAR4XC,,,XXXX,42.4x,OPT 2 CAR GARAGE 4' EXT ROOF ,1000,Framing,,XXXX-42.4x-1000
|42.4x OPT 2 CAR GARAGE 4' EXT ROOF ,5,"A, B","2CAR4XA, 2CAR4XB","2CAR4XA, 2CAR4XB",2CAR4XA,2CAR4XB,,XXXX,42.4x,OPT 2 CAR GARAGE 4' EXT ROOF ,1000,Framing,,XXXX-42.4x-1000
|42.4x OPT 2 CAR GARAGE 4' EXT ROOF ,5,C,2CAR4XC,2CAR4XC,2CAR4XC,,,XXXX,42.4x,OPT 2 CAR GARAGE 4' EXT ROOF ,1000,Framing,,XXXX-42.4x-1000
|42.5x OPT 2 CAR GARAGE 5' EXT ROOF ,5,"A, B","2CAR5XA, 2CAR5XB","2CAR5XA, 2CAR5XB",2CAR5XA,2CAR5XB,,XXXX,42.5x,OPT 2 CAR GARAGE 5' EXT ROOF ,1000,Framing,,XXXX-42.5x-1000
|42.5x OPT 2 CAR GARAGE 5' EXT ROOF ,5,C,2CAR5XC,2CAR5XC,2CAR5XC,,,XXXX,42.5x,OPT 2 CAR GARAGE 5' EXT ROOF ,1000,Framing,,XXXX-42.5x-1000
|42.00 OPT 3RD CAR GARAGE ROOF   ,5,A,3CARA,3CARA,3CARA,,,XXXX,42.00,OPT 3RD CAR GARAGE ROOF   ,1000,Framing,,XXXX-42-1000
|42.00 OPT 3RD CAR GARAGE ROOF   ,5,"A, B","3CARA, 3CARB","3CARA, 3CARB",3CARA,3CARB,,XXXX,42.00,OPT 3RD CAR GARAGE ROOF   ,1000,Framing,,XXXX-42-1000
|42.00 3RD CAR GARAGE ROOF    ,5,"B, C, D",,,,,,XXXX,42.00,3RD CAR GARAGE ROOF    ,1000,Framing,,XXXX-42-1000
|42.00 3RD CAR GARAGE ROOF    ,5,"B, D",,,,,,XXXX,42.00,3RD CAR GARAGE ROOF    ,1000,Framing,,XXXX-42-1000
|42.00 3RD CAR GARAGE ROOF    ,5,C,,,,,,XXXX,42.00,3RD CAR GARAGE ROOF    ,1000,Framing,,XXXX-42-1000
|43.00 COVERED PATIO ROOF     ,5,,COVP,COVP,COVP,,,XXXX,43.00,COVERED PATIO ROOF     ,1000,Framing,,XXXX-43-1000
|43.10 OPT COVERED PATIO 1 ROOF   ,5,,,,,,,XXXX,43.10,OPT COVERED PATIO 1 ROOF   ,1000,Framing,,XXXX-43.1-1000
|43.20 OPT COVERED PATIO 2 ROOF   ,5,,,,,,,XXXX,43.20,OPT COVERED PATIO 2 ROOF   ,1000,Framing,,XXXX-43.2-1000
|43.30 OPT COVERED PATIO 2 ROOF   ,5,,"COVD3, COVP3","COVD3, COVP3",COVD3,COVP3,,XXXX,43.30,OPT COVERED PATIO 2 ROOF   ,1000,Framing,,XXXX-43.3-1000
|43.61 SUNROOM COVERED PATIO ROOF    ,5,,COVPSN1,COVPSN1,COVPSN1,,,XXXX,43.61,SUNROOM COVERED PATIO ROOF    ,1000,Framing,,XXXX-43.61-1000
|43.sr COVERED PATIO @ SUNROOM ROOF   ,5,"A, B, C","COVPSN1, COVD1SN","ELVA, ELVB, ELVC, COVPSN1, COVD1SN",,,,XXXX,43.sr,COVERED PATIO @ SUNROOM ROOF   ,1000,Framing,,XXXX-43.sr-1000
|43.xc EXTENDED COVERED PATIO ROOF    ,5,,COVPX,COVPX,COVPX,,,XXXX,43.xc,EXTENDED COVERED PATIO ROOF    ,1000,Framing,,XXXX-43.xc-1000
|45.00 EXT COVERED PATIO     ,5,,,,,,,XXXX,45.00,EXT COVERED PATIO     ,1000,Framing,,XXXX-45-1000
|45.10 OPT COVERED DECK ROOF    ,5,,COVD,COVD,COVD,,,XXXX,45.10,OPT COVERED DECK ROOF    ,1000,Framing,,XXXX-45.1-1000
|45.20 OPT COVERED DECK 2 ROOF   ,5,,COVD2,COVD2,COVD2,,,XXXX,45.20,OPT COVERED DECK 2 ROOF   ,1000,Framing,,XXXX-45.2-1000
|45.30 OPT COVERED DECK ROOF    ,5,,COVD3,COVD3,COVD3,,,XXXX,45.30,OPT COVERED DECK ROOF    ,1000,Framing,,XXXX-45.3-1000
|58.00 HOUSEWRAP       ,6,,,,,,,XXXX,58.00,HOUSEWRAP       ,1100,Siding,,XXXX-58-1100
|58.00 HOUSEWRAP       ,6,"B, C, D",,,,,,XXXX,58.00,HOUSEWRAP       ,1100,Siding,,XXXX-58-1100
|58.00 HOUSEWRAP       ,6,"C, D",,,,,,XXXX,58.00,HOUSEWRAP       ,1100,Siding,,XXXX-58-1100
|60.02 OPT GREAT ROOM WINDOWS SIDING   ,7,,WDWGREAT,WDWGREAT,WDWGREAT,,,XXXX,60.02,OPT GREAT ROOM WINDOWS SIDING   ,1100,Siding,,XXXX-60.02-1100
|60.02 OPT ALT GREAT ROOM WINDOWS W/ FIREPLACE ,7,,WDWGRALT,WDWGRALT,WDWGRALT,,,XXXX,60.02,OPT ALT GREAT ROOM WINDOWS W/ FIREPLACE ,1100,Siding,,XXXX-60.02-1100
|60.0x OPT GREAT ROOM WINDOW(S) @ EXT GRT RM,7,,WDWGRTX,WDWGRTX,WDWGRTX,,,XXXX,60.0x,OPT GREAT ROOM WINDOW(S) @ EXT GRT RM,1100,Siding,,XXXX-60.0x-1100
|60.11 OPT MASTER BEDROOM WINDOWS SIDING   ,7,,WDWMBR,WDWMBR,WDWMBR,,,XXXX,60.11,OPT MASTER BEDROOM WINDOWS SIDING   ,1100,Siding,,XXXX-60.11-1100
|60.12 OPT CENTER MEET DOOR SIDING   ,7,,MSLIDE1,MSLIDE1,MSLIDE1,,,XXXX,60.12,OPT CENTER MEET DOOR SIDING   ,1100,Siding,,XXXX-60.12-1100
|60.13 OPT 12' MULTI     ,7,,"SLIDE DOOR SIDING, MSLIDE2","SLIDE DOOR SIDING, MSLIDE2",SLIDE DOOR SIDING,MSLIDE2,,XXXX,60.13,OPT 12' MULTI     ,1100,Siding,,XXXX-60.13-1100
|60.14 OPT BEDROOM 2 WINDOW SIDING   ,7,,WDWBR2,WDWBR2,WDWBR2,,,XXXX,60.14,OPT BEDROOM 2 WINDOW SIDING   ,1100,Siding,,XXXX-60.14-1100
|60.15 OPT BEDROOM 3 WINDOW SIDING   ,7,,WDWBR3,WDWBR3,WDWBR3,,,XXXX,60.15,OPT BEDROOM 3 WINDOW SIDING   ,1100,Siding,,XXXX-60.15-1100
|60.16 OPT BEDROOM 4 WINDOW SIDING   ,7,,WDWBR4,WDWBR4,WDWBR4,,,XXXX,60.16,OPT BEDROOM 4 WINDOW SIDING   ,1100,Siding,,XXXX-60.16-1100
|60.17 OPT BEDROOM 5 WINDOW SIDING   ,7,,WDWBR5,WDWBR5,WDWBR5,,,XXXX,60.17,OPT BEDROOM 5 WINDOW SIDING   ,1100,Siding,,XXXX-60.17-1100
|60.19 OPT STUDY WINDOW SIDING    ,7,,WDWSTUDY,WDWSTUDY,WDWSTUDY,,,XXXX,60.19,OPT STUDY WINDOW SIDING    ,1100,Siding,,XXXX-60.19-1100
|60.21 OPT DBA DELUXE MASTER BATH 1 SIDING ,7,,DBA,DBA,DBA,,,XXXX,60.21,OPT DBA DELUXE MASTER BATH 1 SIDING ,1100,Siding,,XXXX-60.21-1100
|60.22 OPT DBA2 DELUXE MASTER BATH 2 SIDING ,7,,DBA2,DBA2,DBA2,,,XXXX,60.22,OPT DBA2 DELUXE MASTER BATH 2 SIDING ,1100,Siding,,XXXX-60.22-1100
|60.24 OPT BEDROOM 4 SIDING    ,7,,ABR4BA,ABR4BA,ABR4BA,,,XXXX,60.24,OPT BEDROOM 4 SIDING    ,1100,Siding,,XXXX-60.24-1100
|60.27 OPT MBR SITTING SIDING    ,7,,SITTING,SITTING,SITTING,,,XXXX,60.27,OPT MBR SITTING SIDING    ,1100,Siding,,XXXX-60.27-1100
|60.6x EXTENDED GREAT ROOM SIDING    ,7,,"XGREAT, WO2","XGREAT, WO2",XGREAT,WO2,,XXXX,60.6x,EXTENDED GREAT ROOM SIDING    ,1100,Siding,,XXXX-60.6x-1100
|60.61 SIDING SUNROOM      ,7,,SUN,SUN,SUN,,,XXXX,60.61,SIDING SUNROOM      ,1100,Siding,,XXXX-60.61-1100
|60.80 OPT BUILD-OUT ROOF,7,,OPT BUILD-OUT SIDING,,OPT BUILD-OUT SIDING,,,XXXX,60.80,OPT BUILD      ,1100,Siding,,XXXX-60.8-1100
|60.pr PORCH RAIL      ,7,,PORRAIL,PORRAIL,PORRAIL,,,XXXX,60.pr,PORCH RAIL      ,1100,Siding,,XXXX-60.pr-1100
|60.pw EXTERIOR POST WRAP     ,7 or 8,A,,ELVA,ELVA,,,XXXX,60.pw,EXTERIOR POST WRAP     ,1100,Siding,,XXXX-60.pw-1100
|60.tc SIDING       ,7,,TLLCRWL,TLLCRWL,TLLCRWL,,,XXXX,60.tc,SIDING       ,1100,Siding,,XXXX-60.tc-1100
|60.00 EXTERIOR TRIM AND SIDING    ,7,B,,ELVB,,,,XXXX,60.00,EXTERIOR TRIM AND SIDING    ,1100,Siding,,XXXX-60-1100
|60.00 EXTERIOR TRIM AND SIDING    ,7,"B, C, D",,ELVB,ELVC,ELVD,,XXXX,60.00,EXTERIOR TRIM AND SIDING    ,1100,Siding,,XXXX-60-1100
|60.00 EXTERIOR TRIM AND SIDING    ,7,C,,ELVC,,,,XXXX,60.00,EXTERIOR TRIM AND SIDING    ,1100,Siding,,XXXX-60-1100
|60.00 EXTERIOR TRIM AND SIDING    ,7,D,,ELVD,,,,XXXX,60.00,EXTERIOR TRIM AND SIDING    ,1100,Siding,,XXXX-60-1100
|60.ec EXTERIOR TRIM AND SIDING CORNER ENHANCED  ,7,,,,,,,XXXX,60.ec,EXTERIOR TRIM AND SIDING CORNER ENHANCED  ,1100,Siding,,XXXX-60.ec-1100
|60.ec EXTERIOR TRIM AND SIDING CORNER ENHANCED  ,7,,,,,,,XXXX,60.ec,EXTERIOR TRIM AND SIDING CORNER ENHANCED  ,1100,Siding,,XXXX-60.ec-1100
|60.ec EXTERIOR TRIM AND SIDING CORNER ENHANCED  ,7,,,,,,,XXXX,60.ec,EXTERIOR TRIM AND SIDING CORNER ENHANCED  ,1100,Siding,,XXXX-60.ec-1100
|60.er EXTERIOR TRIM AND SIDING REAR ENHANCED  ,7,,,,,,,XXXX,60.er,EXTERIOR TRIM AND SIDING REAR ENHANCED  ,1100,Siding,,XXXX-60.er-1100
|60.er EXTERIOR TRIM AND SIDING REAR ENHANCED  ,7,,,,,,,XXXX,60.er,EXTERIOR TRIM AND SIDING REAR ENHANCED  ,1100,Siding,,XXXX-60.er-1100
|60.er EXTERIOR TRIM AND SIDING REAR ENHANCED  ,7,,,,,,,XXXX,60.er,EXTERIOR TRIM AND SIDING REAR ENHANCED  ,1100,Siding,,XXXX-60.er-1100
|60.fw FAUX WOOD      ,7,,,,,,,XXXX,60.fw,FAUX WOOD      ,1100,Siding,,XXXX-60.fw-1100
|60.ma EXTERIOR TRIM AND SIDING MASONRY   ,7,,,,,,,XXXX,60.ma,EXTERIOR TRIM AND SIDING MASONRY   ,1100,Siding,,XXXX-60.ma-1100
|60.pw EXTERIOR POST WRAP     ,7 or 8,,,,,,,XXXX,60.pw,EXTERIOR POST WRAP     ,1100,Siding,,XXXX-60.pw-1100
|62.40 4 CAR GARAGE TANDEM SIDING AND TRIM ,7,A,3CARTA,3CARTA,3CARTA,,,XXXX,62.40,4 CAR GARAGE TANDEM SIDING AND TRIM ,1100,Siding,,XXXX-62.4-1100
|62.40 4 CAR GARAGE TANDEM SIDING AND TRIM ,7,B,3CARTB,3CARTB,3CARTB,,,XXXX,62.40,4 CAR GARAGE TANDEM SIDING AND TRIM ,1100,Siding,,XXXX-62.4-1100
|62.40 4 CAR GARAGE TANDEM SIDING AND TRIM ,7,C,3CARTC,3CARTC,3CARTC,,,XXXX,62.40,4 CAR GARAGE TANDEM SIDING AND TRIM ,1100,Siding,,XXXX-62.4-1100
|62.4x OPT 2 CAR GARAGE 4' EXT SIDING AND,7,,2CAR4XA,2CAR4XA,2CAR4XA,,,XXXX,62.4x,OPT 2 CAR GARAGE 4' EXT SIDING AND,1100,Siding,,XXXX-62.4x-1100
|62.4x OPT 2 CAR GARAGE 4' EXT SIDING AND,7,,2CAR4XB,2CAR4XB,2CAR4XB,,,XXXX,62.4x,OPT 2 CAR GARAGE 4' EXT SIDING AND,1100,Siding,,XXXX-62.4x-1100
|62.4x OPT 2 CAR GARAGE 4' EXT SIDING AND,7,,2CAR4XC,2CAR4XC,2CAR4XC,,,XXXX,62.4x,OPT 2 CAR GARAGE 4' EXT SIDING AND,1100,Siding,,XXXX-62.4x-1100
|62.4x OPT 2 CAR GARAGE 4' EXT SIDING AND,7,A,2CAR4XA,2CAR4XA,2CAR4XA,,,XXXX,62.4x,OPT 2 CAR GARAGE 4' EXT SIDING AND,1100,Siding,,XXXX-62.4x-1100
|62.5x 2 CAR GARAGE 5' EXT. SIDING AND TRIM,7,A,2CAR5XA,"ELVA, 2CAR5XA",ELVA,2CAR5XA,,XXXX,62.5x,2 CAR GARAGE 5' EXT. SIDING AND TRIM,1100,Siding,,XXXX-62.5x-1100
|62.5x 2 CAR GARAGE 5' EXT. SIDING AND TRIM,7,B,2CAR5XB,"ELVB, 2CAR5XB",ELVB,2CAR5XB,,XXXX,62.5x,2 CAR GARAGE 5' EXT. SIDING AND TRIM,1100,Siding,,XXXX-62.5x-1100
|62.5x 2 CAR GARAGE 5' EXT. SIDING AND TRIM,7,C,2CAR5XC,"ELVC, 2CAR5XC",ELVC,2CAR5XC,,XXXX,62.5x,2 CAR GARAGE 5' EXT. SIDING AND TRIM,1100,Siding,,XXXX-62.5x-1100
|62.4x OPT 2 CAR GARAGE 4' EXT SIDING AND,7,,2CAR4XB,2CAR4XB,2CAR4XB,,,XXXX,62.4x,OPT 2 CAR GARAGE 4' EXT SIDING AND,1100,Siding,,XXXX-62.4x-1100
|62.4x OPT 2 CAR GARAGE 4' EXT SIDING AND,7,,2CAR4XC,2CAR4XC,2CAR4XC,,,XXXX,62.4x,OPT 2 CAR GARAGE 4' EXT SIDING AND,1100,Siding,,XXXX-62.4x-1100
|62.00 3RD CAR GARAGE SIDING AND TRIM  ,7,A,3CARA,3CARA,3CARA,,,XXXX,62.00,3RD CAR GARAGE SIDING AND TRIM  ,1100,Siding,,XXXX-62-1100
|62.00 OPT 3CAR EXTERIOR TRIM AND SIDING  ,7,A,3CARA,"ELVA, 3CARA",ELVA,3CARA,,XXXX,62.00,OPT 3CAR EXTERIOR TRIM AND SIDING  ,1100,Siding,,XXXX-62-1100
|62.00 3RD CAR GARAGE SIDING AND TRIM  ,7,B,,,,,,XXXX,62.00,3RD CAR GARAGE SIDING AND TRIM  ,1100,Siding,,XXXX-62-1100
|62.00 3RD CAR GARAGE SIDING AND TRIM  ,7,B,3CARB,3CARB,3CARB,,,XXXX,62.00,3RD CAR GARAGE SIDING AND TRIM  ,1100,Siding,,XXXX-62-1100
|62.00 3RD CAR GARAGE SIDING AND TRIM  ,7,B,3CARB,"ELVB, 3CARB",ELVB,3CARB,,XXXX,62.00,3RD CAR GARAGE SIDING AND TRIM  ,1100,Siding,,XXXX-62-1100
|62.00 3RD CAR GARAGE SIDING AND TRIM  ,7,B,3CARB,3CARB,3CARB,,,XXXX,62.00,3RD CAR GARAGE SIDING AND TRIM  ,1100,Siding,,XXXX-62-1100
|62.00 OPT 3CAR EXTERIOR TRIM AND SIDING  ,7,B,3CARB,"ELVB, 3CARB",ELVB,3CARB,,XXXX,62.00,OPT 3CAR EXTERIOR TRIM AND SIDING  ,1100,Siding,,XXXX-62-1100
|62.00 3RD CAR GARAGE SIDING AND TRIM  ,7,"B, C, D",,,,,,XXXX,62.00,3RD CAR GARAGE SIDING AND TRIM  ,1100,Siding,,XXXX-62-1100
|62.00 3RD CAR GARAGE SIDING AND TRIM  ,7,"B, D",,,,,,XXXX,62.00,3RD CAR GARAGE SIDING AND TRIM  ,1100,Siding,,XXXX-62-1100
|62.00 3RD CAR GARAGE SIDING AND TRIM  ,7,C,,,,,,XXXX,62.00,3RD CAR GARAGE SIDING AND TRIM  ,1100,Siding,,XXXX-62-1100
|62.00 3RD CAR GARAGE SIDING AND TRIM  ,7,C,3CARC,3CARC,3CARC,,,XXXX,62.00,3RD CAR GARAGE SIDING AND TRIM  ,1100,Siding,,XXXX-62-1100
|62.00 3RD CAR GARAGE SIDING AND TRIM  ,7,C,3CARC,"ELVC, 3CARC",ELVC,3CARC,,XXXX,62.00,3RD CAR GARAGE SIDING AND TRIM  ,1100,Siding,,XXXX-62-1100
|62.00 OPT 3CAR EXTERIOR TRIM AND SIDING  ,7,C,3CARC,"ELVC, 3CARC",ELVC,3CARC,,XXXX,62.00,OPT 3CAR EXTERIOR TRIM AND SIDING  ,1100,Siding,,XXXX-62-1100
|62.00 3RD CAR GARAGE SIDING AND TRIM  ,7,D,,,,,,XXXX,62.00,3RD CAR GARAGE SIDING AND TRIM  ,1100,Siding,,XXXX-62-1100
|62.2x        ,7,,2CAR4XA,2CAR4XA,2CAR4XA,,,XXXX,62.2x,       ,1100,Siding,,XXXX-62.2x-1100
|62.2x OPT EXTENDED GARAGE SIDING    ,7,,2CAR4XB,2CAR4XB,2CAR4XB,,,XXXX,62.2x,OPT EXTENDED GARAGE SIDING    ,1100,Siding,,XXXX-62.2x-1100
|62.2x OPT EXTENDED GARAGE SIDING    ,7,,2CAR4XC,2CAR4XC,2CAR4XC,,,XXXX,62.2x,OPT EXTENDED GARAGE SIDING    ,1100,Siding,,XXXX-62.2x-1100
|63.00 COVERED PATIO SIDING     ,7,,COVP,COVP,COVP,,,XXXX,63.00,COVERED PATIO SIDING     ,1100,Siding,,XXXX-63-1100
|63.10 COVERED DECK PATIO HOUSEWRAP    ,6,,COVP,COVP,COVP,,,XXXX,63.10,COVERED DECK PATIO HOUSEWRAP    ,1100,Siding,,XXXX-63.1-1100
|63.10 COVERED PATIO 1 SIDING    ,7,,,,,,,XXXX,63.10,COVERED PATIO 1 SIDING    ,1100,Siding,,XXXX-63.1-1100
|63.10 COVERED PATIO HOUSEWRAP     ,6,,COVP,COVP,COVP,,,XXXX,63.10,COVERED PATIO HOUSEWRAP     ,1100,Siding,,XXXX-63.1-1100
|63.10 OPT COVERED PATIO 1 SIDING   ,7,,"COVD, COVP","COVD, COVP",COVD,COVP,,XXXX,63.10,OPT COVERED PATIO 1 SIDING   ,1100,Siding,,XXXX-63.1-1100
|63.10 OPT COVERED PATIO 1 SIDING   ,7,"A, B, C","COVP, COVD","COVP, COVD",COVP,COVD,,XXXX,63.10,OPT COVERED PATIO 1 SIDING   ,1100,Siding,,XXXX-63.1-1100
|63.10 OPT COVERED PATIO SIDING    ,7,,COVP,COVP,COVP,,,XXXX,63.10,OPT COVERED PATIO SIDING    ,1100,Siding,,XXXX-63.1-1100
|63.1p OPT COVERED PATIO POST WRAP   ,7 or 8,,COVP,COVP,COVP,,,XXXX,63.1p,OPT COVERED PATIO POST WRAP   ,1100,Siding,,XXXX-63.1p-1100
|63.20 COVERED PATIO 2 SIDING    ,7,,COVP2,COVP2,COVP2,,,XXXX,63.20,COVERED PATIO 2 SIDING    ,1100,Siding,,XXXX-63.2-1100
|63.2p COVERED PATIO 2 POST WRAP   ,7 or 8,,"COVD2, COVP2","COVD2, COVP2",COVD2,COVP2,,XXXX,63.2p,COVERED PATIO 2 POST WRAP   ,1100,Siding,,XXXX-63.2p-1100
|63.2p COVERED PATIO 2 POST WRAP   ,7 or 8,,COVP2,COVP2,COVP2,,,XXXX,63.2p,COVERED PATIO 2 POST WRAP   ,1100,Siding,,XXXX-63.2p-1100
|63.30 OPT COVERED PATIO SIDING    ,7,,COVP3,COVP3,COVP3,,,XXXX,63.30,OPT COVERED PATIO SIDING    ,1100,Siding,,XXXX-63.3-1100
|63.3p COVERED PATIO 2 POST WRAP   ,7 or 8,,"COVD3, COVP3","COVD3, COVP3",COVD3,COVP3,,XXXX,63.3p,COVERED PATIO 2 POST WRAP   ,1100,Siding,,XXXX-63.3p-1100
|63.3p OPT COVERED PATIO POST WRAP   ,7 or 8,,COVP3,COVP3,COVP3,,,XXXX,63.3p,OPT COVERED PATIO POST WRAP   ,1100,Siding,,XXXX-63.3p-1100
|63.61 COVERED PATIO SUNROOM SIDING    ,7,,COVPSN1,COVPSN1,COVPSN1,,,XXXX,63.61,COVERED PATIO SUNROOM SIDING    ,1100,Siding,,XXXX-63.61-1100
|63.61 COVERED PATIO SUNROOM POST WRAP   ,7 or 8,,COVP,COVP,COVP,,,XXXX,63.61,COVERED PATIO SUNROOM POST WRAP   ,1100,Siding,,XXXX-63.61-1100
|63.pw COVERED PATIO POST WRAP    ,7,,COVP,COVP,COVP,,,XXXX,63.pw,COVERED PATIO POST WRAP    ,1100,Siding,,XXXX-63.pw-1100
|63.sr COVERED PATIO @ SUNROOM SIDING   ,7,,"COVPSN1, COVD1SN","COVPSN1, COVD1SN",COVPSN1,COVD1SN,,XXXX,63.sr,COVERED PATIO @ SUNROOM SIDING   ,1100,Siding,,XXXX-63.sr-1100
|63.xc EXTENDED COVERED PATIO SIDING    ,7,,COVPX,COVPX,COVPX,,,XXXX,63.xc,EXTENDED COVERED PATIO SIDING    ,1100,Siding,,XXXX-63.xc-1100
|63.xp EXTENDED COVERED PATIO POST WRAP   ,7 or 8,,COVPX,COVPX,COVPX,,,XXXX,63.xp,EXTENDED COVERED PATIO POST WRAP   ,1100,Siding,,XXXX-63.xp-1100
|65.10 OPT COVERED DECK SIDING    ,7,,COVD,COVD,COVD,,,XXXX,65.10,OPT COVERED DECK SIDING    ,1100,Siding,,XXXX-65.1-1100
|65.1p OPT COVERED DECK POST WRAP   ,7 or 8,,COVD,COVD,COVD,,,XXXX,65.1p,OPT COVERED DECK POST WRAP   ,1100,Siding,,XXXX-65.1p-1100
|65.1p POST WRAP      ,7 or 8,,COVD,COVD,COVD,,,XXXX,65.1p,POST WRAP      ,1100,Siding,,XXXX-65.1p-1100
|65.20 COVERED DECK 2 SIDING    ,7,,COVD2,COVD2,COVD2,,,XXXX,65.20,COVERED DECK 2 SIDING    ,1100,Siding,,XXXX-65.2-1100
|65.2p COVERED DECK 2 POST WRAP   ,7,,COVD2,COVD2,COVD2,,,XXXX,65.2p,COVERED DECK 2 POST WRAP   ,1100,Siding,,XXXX-65.2p-1100
|65.2p COVERED DECK POST WRAP    ,7,,COVD2,COVD2,COVD2,,,XXXX,65.2p,COVERED DECK POST WRAP    ,1100,Siding,,XXXX-65.2p-1100
|65.30 OPT COVERED DECK SIDING    ,7,,COVD3,COVD3,COVD3,,,XXXX,65.30,OPT COVERED DECK SIDING    ,1100,Siding,,XXXX-65.3-1100
|65.3p OPT COVERED DECK POST WRAP   ,7 or 8,,COVD3,COVD3,COVD3,,,XXXX,65.3p,OPT COVERED DECK POST WRAP   ,1100,Siding,,XXXX-65.3p-1100
|74.10 DECK SURFACE & RAIL    ,8 or 9,,DECK,DECK,DECK,,,XXXX,74.10,DECK SURFACE & RAIL    ,1100,Siding,,XXXX-74.1-1100
|74.20 DECK SURFACE & RAIL    ,8 or 9,,DECK2,DECK2,DECK2,,,XXXX,74.20,DECK SURFACE & RAIL    ,1100,Siding,,XXXX-74.2-1100
|74.30 DECK SURFACE & RAIL    ,8 or 9,,DECK3,DECK3,DECK3,,,XXXX,74.30,DECK SURFACE & RAIL    ,1100,Siding,,XXXX-74.3-1100
|74.60 DECK SURFACE & RAIL @ EXT GRT RM,8 or 9,,"XGREAT, COVD2, WO2","XGREAT, COVD2, WO2",XGREAT,COVD2,WO2,XXXX,74.60,DECK SURFACE & RAIL @ EXT GRT RM,1100,Siding,,XXXX-74.6-1100
|74.ed EXT DECK SURFACE & RAIL   ,8 or 9,,"COVD2, WO","COVD2, WO",COVD2,WO,,XXXX,74.ed,EXT DECK SURFACE & RAIL   ,1100,Siding,,XXXX-74.ed-1100
|75.10 DECK SURFACE & RAIL    ,8 or 9,,COVD,COVD,COVD,,,XXXX,75.10,DECK SURFACE & RAIL    ,1100,Siding,,XXXX-75.1-1100
|75.1s STAIRS SURFACE & RAIL    ,8 or 9,,COVD,COVD,COVD,,,XXXX,75.1s,STAIRS SURFACE & RAIL    ,1100,Siding,,XXXX-75.1s-1100
|75.20 DECK SURFACE & RAIL    ,8 or 9,,COVD2,COVD2,COVD2,,,XXXX,75.20,DECK SURFACE & RAIL    ,1100,Siding,,XXXX-75.2-1100
|75.2s STAIRS SURFACE & RAIL    ,8 or 9,,COVD2,COVD2,COVD2,,,XXXX,75.2s,STAIRS SURFACE & RAIL    ,1100,Siding,,XXXX-75.2s-1100
|75.30 DECK SURFACE & RAIL    ,8 or 9,,COVD3,COVD3,COVD3,,,XXXX,75.30,DECK SURFACE & RAIL    ,1100,Siding,,XXXX-75.3-1100
|75.tc DECK SURFACE & RAIL    ,8 or 9,,TALLCRWL,TALLCRWL,TALLCRWL,,,XXXX,75.tc,DECK SURFACE & RAIL    ,1100,Siding,,XXXX-75.tc-1100
|80.00 TALL CRAWL      ,1,,TALLCRWL,TALLCRWL,TALLCRWL,,,XXXX,80.00,TALL CRAWL      ,1000,Framing,,XXXX-80-1000
|90.00 TALL CRAWL SIDING     ,7,,TALLCRWL,TALLCRWL,TALLCRWL,,,XXXX,90.00,TALL CRAWL SIDING     ,1100,Siding,,XXXX-90-1100
