Richmond_Pack_ID,Shipping_Order,Elevation_Letters,Option_Codes,Pack_Name,Item_Type,Old_Code,New_Phase_Code,New_Elevation_Code,New_Item_Code,New_Full_Code,Notes
|09.00 WO BASEMENT WALLS,1,,WO,WO BASEMENT WALLS,Framing,XXXX-09.00-1000,009.000,**,1000,XXXX-009.000-**-1000,Universal walkout basement
|09.20 WO BASEMENT WALLS 2,1,,WO2,WO BASEMENT WALLS 2,Framing,XXXX-09.20-1000,009.200,**,1000,XXXX-009.200-**-1000,Walkout basement variant 2
|10.00 FOUNDATION,1,,,FOUNDATION,Framing,XXXX-10-1000,010.000,**,1000,XXXX-010.000-**-1000,Universal foundation
|10.01 OPT FOUNDATION,1,,FPSING01,OPT FOUNDATION,Framing,XXXX-10.01-1000,010.010,**,1000,XXXX-010.010-**-1000,Fireplace single foundation option
|10.60 EXTENDED GREAT ROOM FOUNDATION,1,,XGREAT,EXTENDED GREAT ROOM FOUNDATION,Framing,XXXX-10.6-1000,010.600,**,1000,XXXX-010.600-**-1000,Extended great room foundation
|10.61 SUNROOM FOUNDATION,1,,SUN,SUNROOM FOUNDATION,Framing,XXXX-10.61-1000,010.610,**,1000,XXXX-010.610-**-1000,Sunroom foundation
|10.82 OPT DEN FOUNDATION,1,,,OPT DEN FOUNDATION,Framing,XXXX-10.82-1000,010.820,**,1000,XXXX-010.820-**-1000,Den foundation universal
|10.82 OPT DEN FOUNDATION,"1","B, C, D","ELVB, ELVC, ELVD",OPT DEN FOUNDATION,Framing,XXXX-10.82-1000,010.820,BCD,1000,XXXX-010.820-BCD-1000,Den foundation elevations B/C/D only
|10.83 OPT DEN W/FULL BATH FOUNDATION,"1","B, C, D","ELVB, ELVC, ELVD",OPT DEN W/FULL BATH FOUNDATION,Framing,XXXX-10.83-1000,010.830,BCD,1000,XXXX-010.830-BCD-1000,Den with full bath elevations B/C/D
|10.tc TALLCRAWL FRAMING,1,,TALLCRWL,TALLCRAWL FRAMING,Framing,XXXX-10.tc-1000,010.900,**,1000,XXXX-010.900-**-1000,Tall crawlspace (using .9xx for special variants)
|10.00 FOUNDATION,"1","B, C, D","ELVB, ELVC, ELVD",FOUNDATION,Framing,XXXX-10-1000,010.000,BCD,1000,XXXX-010.000-BCD-1000,Foundation elevations B/C/D specific
|11.00 MAIN JOIST SYSTEM @FOUNDATION,1,,,MAIN JOIST SYSTEM @FOUNDATION,Framing,XXXX-11-1000,011.000,**,1000,XXXX-011.000-**-1000,Universal joist system
|11.01 MAIN JOIST SYSTEM FIREPLACE ADD ON @FOUNDATION,1,,FPSING,MAIN JOIST SYSTEM FIREPLACE ADD ON @FOUNDATION,Framing,XXXX-11.01-1000,011.010,**,1000,XXXX-011.010-**-1000,Joist system fireplace addon
|11.60 MAIN JOIST SYSTEM @ EXTENDED GREAT ROOM,1,,XGREAT,MAIN JOIST SYSTEM @ EXTENDED GREAT ROOM,Framing,XXXX-11.6-1000,011.600,**,1000,XXXX-011.600-**-1000,Joist system for extended great room
|11.62 MAIN JOIST SYSTEM LOFT 2 ADD ON @FOUNDATION,1,,LOFT2,MAIN JOIST SYSTEM LOFT 2 ADD ON @FOUNDATION,Framing,XXXX-11.62-1000,011.620,**,1000,XXXX-011.620-**-1000,Joist system loft 2 addon
|12.00 OPT 3RD CAR GARAGE FOUNDATION,1,"3CARA, 3CARB, 3CARC","3CARA, 3CARB, 3CARC",OPT 3RD CAR GARAGE FOUNDATION,Framing,XXXX-12-1000,012.000,**,1000,XXXX-012.000-**-1000,3rd car garage universal (option-driven not elevation)
|12.40 OPT 4 CAR GARAGE TANDEM FOUNDATION,1,"4CARTA, 4CARTB, 4CARTC","4CARTA, 4CARTB, 4CARTC",OPT 4 CAR GARAGE TANDEM FOUNDATION,Framing,XXXX-12.4-1000,012.400,**,1000,XXXX-012.400-**-1000,4 car tandem garage (option-driven)
|12.2x OPT 2 CAR GARAGE 2' EXT FOUNDATION,1,,GAREXT2,OPT 2 CAR GARAGE 2' EXT FOUNDATION,Framing,XXXX-12.2x-1000,012.020,**,1000,XXXX-012.020-**-1000,2 car garage 2 foot extension
|12.4x OPT 2 CAR GARAGE 4' EXT FOUNDATION,"1","A, B, C","2CAR4XA, 2CAR4XB, 2CAR4XC",OPT 2 CAR GARAGE 4' EXT FOUNDATION,Framing,XXXX-12.4x-1000,012.040,ABC,1000,XXXX-012.040-ABC-1000,2 car garage 4 foot extension elevations A/B/C
|12.5x OPT 2 CAR GARAGE 5' EXT FOUNDATION,"1","A, B","2CAR5XA, 2CAR5XB",OPT 2 CAR GARAGE 5' EXT FOUNDATION,Framing,XXXX-12.5x-1000,012.050,AB,1000,XXXX-012.050-AB-1000,2 car garage 5 foot extension elevations A/B
|12.00 3RD CAR GARAGE FOUNDATION,"1","A, B, D","3CARA, 3CARB, 3CARD",3RD CAR GARAGE FOUNDATION,Framing,XXXX-12-1000,012.000,ABD,1000,XXXX-012.000-ABD-1000,3rd car garage elevations A/B/D
|12.00 3RD CAR GARAGE FOUNDATION,"1","B, C, D","3CARB, 3CARC, 3CARD",3RD CAR GARAGE FOUNDATION,Framing,XXXX-12-1000,012.000,BCD,1000,XXXX-012.000-BCD-1000,3rd car garage elevations B/C/D
|13.10 COVERED PATIO FOUNDATION,1,,COVP,COVERED PATIO FOUNDATION,Framing,XXXX-13.1-1000,013.100,**,1000,XXXX-013.100-**-1000,Covered patio 1 foundation
|13.20 COVERED PATIO 2 FOUNDATION,1,,COVP2,COVERED PATIO 2 FOUNDATION,Framing,XXXX-13.2-1000,013.200,**,1000,XXXX-013.200-**-1000,Covered patio 2 foundation
|13.20 COVERED PATIO 2 FOUNDATION,1,,COVP2,COVERED PATIO 2 FOUNDATION,Framing,XXXX-13.2-1000,013.200,**,1000,XXXX-013.200-**-1000,Covered patio 2 foundation (duplicate)
|13.30 COVERED PATIO 3 FOUNDATION,1,,COVP3,COVERED PATIO 3 FOUNDATION,Framing,XXXX-13.3-1000,013.300,**,1000,XXXX-013.300-**-1000,Covered patio 3 foundation
|14.10 DECK FOUNDATION,1,,DECK,DECK FOUNDATION,Framing,XXXX-14.1-1000,014.100,**,1000,XXXX-014.100-**-1000,Deck 1 foundation
|14.20 DECK FOUNDATION,1,,DECK2,DECK FOUNDATION,Framing,XXXX-14.2-1000,014.200,**,1000,XXXX-014.200-**-1000,Deck 2 foundation
|14.30 DECK FOUNDATION,1,,DECK3,DECK FOUNDATION,Framing,XXXX-14.3-1000,014.300,**,1000,XXXX-014.300-**-1000,Deck 3 foundation
|15.10 COVERED DECK FOUNDATION,1,,COVD,COVERED DECK FOUNDATION,Framing,XXXX-15.1-1000,015.100,**,1000,XXXX-015.100-**-1000,Covered deck 1 foundation
|15.20 COVERED DECK FOUNDATION,1,,COVD2,COVERED DECK FOUNDATION,Framing,XXXX-15.2-1000,015.200,**,1000,XXXX-015.200-**-1000,Covered deck 2 foundation
|15.30 COVERED DECK FOUNDATION,1,,COVD3,COVERED DECK FOUNDATION,Framing,XXXX-15.3-1000,015.300,**,1000,XXXX-015.300-**-1000,Covered deck 3 foundation
|16.10 TRUSSED MAIN FLOOR OVER BASEMENT,1,,WO,TRUSSED MAIN FLOOR OVER BASEMENT,Framing,XXXX-16.1-1000,016.100,**,1000,XXXX-016.100-**-1000,Trussed floor over basement
|16.61 WO BSMT MAIN FLOOR,1,,SUNWO,WO BSMT MAIN FLOOR,Framing,XXXX-16.61-1000,016.610,**,1000,XXXX-016.610-**-1000,Walkout basement with sunroom floor
"16.10, 16.20 OPT WO BASEMENT MAIN FLOOR SYSTEM",1,"WO, WO2","WO, WO2",OPT WO BASEMENT MAIN FLOOR SYSTEM,Framing,"XXXX-16.10, 16.20-1000",016.100,**,1000,XXXX-016.100-**-1000,Combined walkout basement floor system (use 16.10 as primary)
|18.82 OPT DEN SUBFLOOR,2,,,OPT DEN SUBFLOOR,Framing,XXXX-18.82-1000,018.820,**,1000,XXXX-018.820-**-1000,Den subfloor universal
|18.82 OPT DEN SUBFLOOR,"2","B, C, D","ELVB, ELVC, ELVD",OPT DEN SUBFLOOR,Framing,XXXX-18.82-1000,018.820,BCD,1000,XXXX-018.820-BCD-1000,Den subfloor elevations B/C/D
|18.83 OPT DEN W/FULL BATH SUBFLOOR,"2","B, C, D","ELVB, ELVC, ELVD",OPT DEN W/FULL BATH SUBFLOOR,Framing,XXXX-18.83-1000,018.830,BCD,1000,XXXX-018.830-BCD-1000,Den with full bath subfloor B/C/D
|18.00 MAIN SUBFLOOR,"2","B, C, D","ELVB, ELVC, ELVD",MAIN SUBFLOOR,Framing,XXXX-18-1000,018.000,BCD,1000,XXXX-018.000-BCD-1000,Main subfloor elevations B/C/D
|20.00 MAIN FLOOR WALLS,3,,,MAIN FLOOR WALLS,Framing,XXXX-20-1000,020.000,**,1000,XXXX-020.000-**-1000,Universal main floor walls
|20.01 OPT DBL,3,,SIDED FIREPLACE,OPT DBL,Framing,XXXX-20.01-1000,020.010,**,1000,XXXX-020.010-**-1000,Double-sided fireplace option
|20.02 OPT GREAT ROOM WINDOWS,3,,WDWGREAT,OPT GREAT ROOM WINDOWS,Framing,XXXX-20.02-1000,020.020,**,1000,XXXX-020.020-**-1000,Great room windows option
|20.02 OPT ALT GREAT ROOM WINDOWS W/ FIREPLACE,3,,WDWGRALT,OPT ALT GREAT ROOM WINDOWS W/ FIREPLACE,Framing,XXXX-20.02-1000,020.021,**,1000,XXXX-020.021-**-1000,Alternate great room windows with fireplace
|20.02 OPT GREAT ROOM WINDOW(S) @ EXT GRT RM,3,,WDWGRTX,OPT GREAT ROOM WINDOW(S) @ EXT GRT RM,Framing,XXXX-20.02-1000,020.022,**,1000,XXXX-020.022-**-1000,Great room windows at extended great room
|20.06 OPT FLEX WINDOW,3,,,OPT FLEX WINDOW,Framing,XXXX-20.06-1000,020.060,**,1000,XXXX-020.060-**-1000,Flex room window option
|20.12 OPT CENTER MEET DOOR,3,,MSLIDE1,OPT CENTER MEET DOOR,Framing,XXXX-20.12-1000,020.120,**,1000,XXXX-020.120-**-1000,Center meet sliding door option
|20.2l OPT CENTER MEET DOOR @ LOFT,3,,MSLIDE1,OPT CENTER MEET DOOR @ LOFT,Framing,XXXX-20.2l-1000,020.210,**,1000,XXXX-020.210-**-1000,Center meet door at loft
|20.13 OPT MULT,3,"SLIDE DOOR, MSLIDE2","SLIDE DOOR, MSLIDE2",OPT MULT,Framing,XXXX-20.13-1000,020.130,**,1000,XXXX-020.130-**-1000,Multi-slide door option
|20.3l OPT MULTI,3,"SLIDE DOOR @ LOFT, MSLIDE2","SLIDE DOOR @ LOFT, MSLIDE2",OPT MULTI,Framing,XXXX-20.3l-1000,020.310,**,1000,XXXX-020.310-**-1000,Multi-slide door at loft
|20.14 OPT BEDROOM 2 WINDOW,3,,WDWBR2,OPT BEDROOM 2 WINDOW,Framing,XXXX-20.14-1000,020.140,**,1000,XXXX-020.140-**-1000,Bedroom 2 window option
|20.15 OPT BEDROOM 3 WINDOW,3,,WDWBR3,OPT BEDROOM 3 WINDOW,Framing,XXXX-20.15-1000,020.150,**,1000,XXXX-020.150-**-1000,Bedroom 3 window option
|20.15 OPT BEDROOM 3 WINDOW,3,,WDWBR3,OPT BEDROOM 3 WINDOW,Framing,XXXX-20.15-1000,020.150,**,1000,XXXX-020.150-**-1000,Bedroom 3 window option (duplicate)
|20.16 OPT BEDROOM 4 WINDOW,3,,WDWBR4,OPT BEDROOM 4 WINDOW,Framing,XXXX-20.16-1000,020.160,**,1000,XXXX-020.160-**-1000,Bedroom 4 window option
|20.17 OPT BEDROOM 5 WINDOW,3,,WDWBR5,OPT BEDROOM 5 WINDOW,Framing,XXXX-20.17-1000,020.170,**,1000,XXXX-020.170-**-1000,Bedroom 5 window option
|20.19 OPT STUDY WINDOW,3,,WDWSTUDY,OPT STUDY WINDOW,Framing,XXXX-20.19-1000,020.190,**,1000,XXXX-020.190-**-1000,Study window option
|20.20 OPT POWDER,3,,ABAPWDR,OPT POWDER,Framing,XXXX-20.2-1000,020.200,**,1000,XXXX-020.200-**-1000,Powder room option
|20.21 OPT DBA DELUXE MASTER BATH 1,3,,DBA,OPT DBA DELUXE MASTER BATH 1,Framing,XXXX-20.21-1000,020.210,**,1000,XXXX-020.211-**-1000,Deluxe master bath option 1
|20.22 OPT DBA2 DELUXE MASTER BATH 2,3,,DBA2,OPT DBA2 DELUXE MASTER BATH 2,Framing,XXXX-20.22-1000,020.220,**,1000,XXXX-020.220-**-1000,Deluxe master bath option 2
|20.23 OPT DELUXE BATH 2,3,,DBB,OPT DELUXE BATH 2,Framing,XXXX-20.23-1000,020.230,**,1000,XXXX-020.230-**-1000,Deluxe bath 2 option
|20.30 OPT PB3 POWDER @ BATH 3,3,,PB3,OPT PB3 POWDER @ BATH 3,Framing,XXXX-20.3-1000,020.300,**,1000,XXXX-020.300-**-1000,Powder room at bath 3
|20.40 OPT FINISHED CEILING,3,,FINCEL,OPT FINISHED CEILING,Framing,XXXX-20.4-1000,020.400,**,1000,XXXX-020.400-**-1000,Finished ceiling option
|20.50 OPT NOOK AREA,3,,NOOK,OPT NOOK AREA,Framing,XXXX-20.5-1000,020.500,**,1000,XXXX-020.500-**-1000,Nook area option
|20.60 EXTENDED GREAT ROOM,3,,XGREAT,EXTENDED GREAT ROOM,Framing,XXXX-20.6-1000,020.600,**,1000,XXXX-020.600-**-1000,Extended great room framing
|20.61 SUNROOM,3,,SUN,SUNROOM,Framing,XXXX-20.61-1000,020.610,**,1000,XXXX-020.610-**-1000,Sunroom framing
|20.70 OPT ENLARGED MASTER CLOSET,3,,XMC,OPT ENLARGED MASTER CLOSET,Framing,XXXX-20.7-1000,020.700,**,1000,XXXX-020.700-**-1000,Enlarged master closet option
|20.82 OPT DEN,3,,,OPT DEN,Framing,XXXX-20.82-1000,020.820,**,1000,XXXX-020.820-**-1000,Den framing universal
|20.82 OPT DEN,"3","B, C, D","ELVB, ELVC, ELVD",OPT DEN,Framing,XXXX-20.82-1000,020.820,BCD,1000,XXXX-020.820-BCD-1000,Den framing elevations B/C/D
|20.83 OPT DEN W/FULL BATH,"3","B, C, D","ELVB, ELVC, ELVD",OPT DEN W/FULL BATH,Framing,XXXX-20.83-1000,020.830,BCD,1000,XXXX-020.830-BCD-1000,Den with full bath elevations B/C/D
|20.90 OPT MUD ROOM,3,,MUD,OPT MUD ROOM,Framing,XXXX-20.9-1000,020.900,**,1000,XXXX-020.900-**-1000,Mud room option
|20.91 OPT BED 5 ILO OPEN TO BELOW,3,,BR5,OPT BED 5 ILO OPEN TO BELOW,Framing,XXXX-20.91-1000,020.910,**,1000,XXXX-020.910-**-1000,Bedroom 5 in lieu of open to below
|22.00 MAIN FLOOR HEADERS,3,,,MAIN FLOOR HEADERS,Framing,XXXX-22-1000,022.000,**,1000,XXXX-022.000-**-1000,Universal main floor headers
|22.82 OPT DEN HEADERS,"3","B, C, D","ELVB, ELVC, ELVD",OPT DEN HEADERS,Framing,XXXX-22.82-1000,022.820,BCD,1000,XXXX-022.820-BCD-1000,Den headers elevations B/C/D
|22.83 OPT DEN W/FULL BATH HEADERS,"3","B, C, D","ELVB, ELVC, ELVD",OPT DEN W/FULL BATH HEADERS,Framing,XXXX-22.83-1000,022.830,BCD,1000,XXXX-022.830-BCD-1000,Den with full bath headers B/C/D
|24.82 OPT DEN DOORS WINDOWS,"3","B, C, D","ELVB, ELVC, ELVD",OPT DEN DOORS WINDOWS,Framing,XXXX-24.82-1000,024.820,BCD,1000,XXXX-024.820-BCD-1000,Den doors/windows elevations B/C/D
|24.83 OPT DEN W/FULL BATH DOORS WINDOWS,"3","B, C, D","ELVB, ELVC, ELVD",OPT DEN W/FULL BATH DOORS WINDOWS,Framing,XXXX-24.83-1000,024.830,BCD,1000,XXXX-024.830-BCD-1000,Den with full bath doors/windows B/C/D
|30.00 UPPER WALLS,4,,,UPPER WALLS,Framing,XXXX-30-1000,030.000,**,1000,XXXX-030.000-**-1000,Universal upper floor walls
|30.00 UPPER WALLS,"4","B, C, D","ELVB, ELVC, ELVD",UPPER WALLS,Framing,XXXX-30-1000,030.000,BCD,1000,XXXX-030.000-BCD-1000,Upper walls elevations B/C/D
|30.62 MAIN JOIST SYSTEM LOFT 2 WALLS,4,,LOFT2,MAIN JOIST SYSTEM LOFT 2 WALLS,Framing,XXXX-30.62-1000,030.620,**,1000,XXXX-030.620-**-1000,Loft 2 walls
|32.00 UPPER FLOOR HEADERS,4,,,UPPER FLOOR HEADERS,Framing,XXXX-32-1000,032.000,**,1000,XXXX-032.000-**-1000,Universal upper floor headers
|32.00 UPPER FLOOR HEADERS,"4","B, C, D","ELVB, ELVC, ELVD",UPPER FLOOR HEADERS,Framing,XXXX-32-1000,032.000,BCD,1000,XXXX-032.000-BCD-1000,Upper floor headers elevations B/C/D
|34.00 UPPER FLOOR DOORS AND WINDOWS,4,,,UPPER FLOOR DOORS AND WINDOWS,Framing,XXXX-34-1000,034.000,**,1000,XXXX-034.000-**-1000,Universal upper doors/windows
|34.00 UPPER FLOOR DOORS AND WINDOWS,"4","B, C, D","ELVB, ELVC, ELVD",UPPER FLOOR DOORS AND WINDOWS,Framing,XXXX-34-1000,034.000,BCD,1000,XXXX-034.000-BCD-1000,Upper doors/windows elevations B/C/D
|40.00 ROOF TRUSSES,5,A,,ROOF TRUSSES,Framing,XXXX-40-1000,040.000,A,1000,XXXX-040.000-A-1000,Roof trusses elevation A
|40.00 ROOF TRUSSES,5,B,,ROOF TRUSSES,Framing,XXXX-40-1000,040.000,B,1000,XXXX-040.000-B-1000,Roof trusses elevation B
|40.00 ROOF TRUSSES,5,C,,ROOF TRUSSES,Framing,XXXX-40-1000,040.000,C,1000,XXXX-040.000-C-1000,Roof trusses elevation C
|40.00 ROOF TRUSSES,5,D,,ROOF TRUSSES,Framing,XXXX-40-1000,040.000,D,1000,XXXX-040.000-D-1000,Roof trusses elevation D
|40.00 ROOF TRUSSES,"5","B, C, D","ELVB, ELVC, ELVD",ROOF TRUSSES,Framing,XXXX-40-1000,040.000,BCD,1000,XXXX-040.000-BCD-1000,Roof trusses elevations B/C/D
|40.10 GARAGE TRUSSES,5,,,GARAGE TRUSSES,Framing,XXXX-40.1-1000,040.100,**,1000,XXXX-040.100-**-1000,Universal garage trusses
|40.60 EXTENDED GREAT ROOM TRUSSES,5,,XGREAT,EXTENDED GREAT ROOM TRUSSES,Framing,XXXX-40.6-1000,040.600,**,1000,XXXX-040.600-**-1000,Extended great room trusses
|40.61 SUNROOM TRUSSES,5,,SUN,SUNROOM TRUSSES,Framing,XXXX-40.61-1000,040.610,**,1000,XXXX-040.610-**-1000,Sunroom trusses
|40.82 OPT DEN TRUSSES,"5","B, C, D","ELVB, ELVC, ELVD",OPT DEN TRUSSES,Framing,XXXX-40.82-1000,040.820,BCD,1000,XXXX-040.820-BCD-1000,Den trusses elevations B/C/D
|40.83 OPT DEN W/FULL BATH TRUSSES,"5","B, C, D","ELVB, ELVC, ELVD",OPT DEN W/FULL BATH TRUSSES,Framing,XXXX-40.83-1000,040.830,BCD,1000,XXXX-040.830-BCD-1000,Den with full bath trusses B/C/D
|42.10 3RD CAR GARAGE TRUSSES,5,,,3RD CAR GARAGE TRUSSES,Framing,XXXX-42.1-1000,042.100,**,1000,XXXX-042.100-**-1000,3rd car garage trusses
|42.40 4 CAR GARAGE TANDEM TRUSSES,5,,,4 CAR GARAGE TANDEM TRUSSES,Framing,XXXX-42.4-1000,042.400,**,1000,XXXX-042.400-**-1000,4 car tandem garage trusses
|42.2x OPT 2 CAR GARAGE 2' EXT TRUSSES,5,,GAREXT2,OPT 2 CAR GARAGE 2' EXT TRUSSES,Framing,XXXX-42.2x-1000,042.020,**,1000,XXXX-042.020-**-1000,2 car garage 2 foot extension trusses
|42.4x OPT 2 CAR GARAGE 4' EXT TRUSSES,"5","A, B, C","2CAR4XA, 2CAR4XB, 2CAR4XC",OPT 2 CAR GARAGE 4' EXT TRUSSES,Framing,XXXX-42.4x-1000,042.040,ABC,1000,XXXX-042.040-ABC-1000,2 car garage 4 foot ext trusses A/B/C
|42.5x OPT 2 CAR GARAGE 5' EXT TRUSSES,"5","A, B","2CAR5XA, 2CAR5XB",OPT 2 CAR GARAGE 5' EXT TRUSSES,Framing,XXXX-42.5x-1000,042.050,AB,1000,XXXX-042.050-AB-1000,2 car garage 5 foot ext trusses A/B
|43.10 COVERED PATIO TRUSSES,5,,COVP,COVERED PATIO TRUSSES,Framing,XXXX-43.1-1000,043.100,**,1000,XXXX-043.100-**-1000,Covered patio 1 trusses
|43.20 COVERED PATIO 2 TRUSSES,5,,COVP2,COVERED PATIO 2 TRUSSES,Framing,XXXX-43.2-1000,043.200,**,1000,XXXX-043.200-**-1000,Covered patio 2 trusses
|43.30 COVERED PATIO 3 TRUSSES,5,,COVP3,COVERED PATIO 3 TRUSSES,Framing,XXXX-43.3-1000,043.300,**,1000,XXXX-043.300-**-1000,Covered patio 3 trusses
|45.10 COVERED DECK TRUSSES,5,,COVD,COVERED DECK TRUSSES,Framing,XXXX-45.1-1000,045.100,**,1000,XXXX-045.100-**-1000,Covered deck 1 trusses
|45.20 COVERED DECK 2 TRUSSES,5,,COVD2,COVERED DECK 2 TRUSSES,Framing,XXXX-45.2-1000,045.200,**,1000,XXXX-045.200-**-1000,Covered deck 2 trusses
|45.30 COVERED DECK 3 TRUSSES,5,,COVD3,COVERED DECK 3 TRUSSES,Framing,XXXX-45.3-1000,045.300,**,1000,XXXX-045.300-**-1000,Covered deck 3 trusses
|50.00 ROOFING,6,A,,ROOFING,Framing,XXXX-50-1000,050.000,A,1000,XXXX-050.000-A-1000,Roofing elevation A
|50.00 ROOFING,6,A,LOFT2,ROOFING,Framing,XXXX-50-1000,050.000,A,1000,XXXX-050.000-A-1000,Roofing elevation A with loft 2
|50.00 ROOFING,6,B,,ROOFING,Framing,XXXX-50-1000,050.000,B,1000,XXXX-050.000-B-1000,Roofing elevation B
|50.00 ROOFING,6,B,LOFT2,ROOFING,Framing,XXXX-50-1000,050.000,B,1000,XXXX-050.000-B-1000,Roofing elevation B with loft 2
|50.00 ROOFING,6,C,,ROOFING,Framing,XXXX-50-1000,050.000,C,1000,XXXX-050.000-C-1000,Roofing elevation C
|50.00 ROOFING,6,C,LOFT2,ROOFING,Framing,XXXX-50-1000,050.000,C,1000,XXXX-050.000-C-1000,Roofing elevation C with loft 2
|50.00 ROOFING,6,D,,ROOFING,Framing,XXXX-50-1000,050.000,D,1000,XXXX-050.000-D-1000,Roofing elevation D
|50.00 ROOFING,6,D,LOFT2,ROOFING,Framing,XXXX-50-1000,050.000,D,1000,XXXX-050.000-D-1000,Roofing elevation D with loft 2
|50.00 ROOFING,"6","B, C, D","ELVB, ELVC, ELVD",ROOFING,Framing,XXXX-50-1000,050.000,BCD,1000,XXXX-050.000-BCD-1000,Roofing elevations B/C/D
|50.60 EXTENDED GREAT ROOM ROOFING,6,,XGREAT,EXTENDED GREAT ROOM ROOFING,Framing,XXXX-50.6-1000,050.600,**,1000,XXXX-050.600-**-1000,Extended great room roofing
|50.61 SUNROOM ROOFING,6,,SUN,SUNROOM ROOFING,Framing,XXXX-50.61-1000,050.610,**,1000,XXXX-050.610-**-1000,Sunroom roofing
|50.82 OPT DEN ROOFING,"6","B, C, D","ELVB, ELVC, ELVD",OPT DEN ROOFING,Framing,XXXX-50.82-1000,050.820,BCD,1000,XXXX-050.820-BCD-1000,Den roofing elevations B/C/D
|50.83 OPT DEN W/FULL BATH ROOFING,"6","B, C, D","ELVB, ELVC, ELVD",OPT DEN W/FULL BATH ROOFING,Framing,XXXX-50.83-1000,050.830,BCD,1000,XXXX-050.830-BCD-1000,Den with full bath roofing B/C/D
|52.00 GARAGE ROOFING,6,,,GARAGE ROOFING,Framing,XXXX-52-1000,052.000,**,1000,XXXX-052.000-**-1000,Universal garage roofing
|52.10 3RD CAR GARAGE ROOFING,6,,,3RD CAR GARAGE ROOFING,Framing,XXXX-52.1-1000,052.100,**,1000,XXXX-052.100-**-1000,3rd car garage roofing
|52.40 4 CAR GARAGE TANDEM ROOFING,6,,,4 CAR GARAGE TANDEM ROOFING,Framing,XXXX-52.4-1000,052.400,**,1000,XXXX-052.400-**-1000,4 car tandem garage roofing
|52.2x OPT 2 CAR GARAGE 2' EXT ROOFING,6,,GAREXT2,OPT 2 CAR GARAGE 2' EXT ROOFING,Framing,XXXX-52.2x-1000,052.020,**,1000,XXXX-052.020-**-1000,2 car garage 2 foot ext roofing
|52.4x OPT 2 CAR GARAGE 4' EXT ROOFING,"6","A, B, C","2CAR4XA, 2CAR4XB, 2CAR4XC",OPT 2 CAR GARAGE 4' EXT ROOFING,Framing,XXXX-52.4x-1000,052.040,ABC,1000,XXXX-052.040-ABC-1000,2 car garage 4 foot ext roofing A/B/C
|52.5x OPT 2 CAR GARAGE 5' EXT ROOFING,"6","A, B","2CAR5XA, 2CAR5XB",OPT 2 CAR GARAGE 5' EXT ROOFING,Framing,XXXX-52.5x-1000,052.050,AB,1000,XXXX-052.050-AB-1000,2 car garage 5 foot ext roofing A/B
|53.10 COVERED PATIO ROOFING,6,,COVP,COVERED PATIO ROOFING,Framing,XXXX-53.1-1000,053.100,**,1000,XXXX-053.100-**-1000,Covered patio 1 roofing
|53.20 COVERED PATIO 2 ROOFING,6,,COVP2,COVERED PATIO 2 ROOFING,Framing,XXXX-53.2-1000,053.200,**,1000,XXXX-053.200-**-1000,Covered patio 2 roofing
|53.30 COVERED PATIO 3 ROOFING,6,,COVP3,COVERED PATIO 3 ROOFING,Framing,XXXX-53.3-1000,053.300,**,1000,XXXX-053.300-**-1000,Covered patio 3 roofing
|55.10 COVERED DECK ROOFING,6,,COVD,COVERED DECK ROOFING,Framing,XXXX-55.1-1000,055.100,**,1000,XXXX-055.100-**-1000,Covered deck 1 roofing
|55.20 COVERED DECK 2 ROOFING,6,,COVD2,COVERED DECK 2 ROOFING,Framing,XXXX-55.2-1000,055.200,**,1000,XXXX-055.200-**-1000,Covered deck 2 roofing
|55.30 COVERED DECK 3 ROOFING,6,,COVD3,COVERED DECK 3 ROOFING,Framing,XXXX-55.3-1000,055.300,**,1000,XXXX-055.300-**-1000,Covered deck 3 roofing
|60.00 MAIN HOUSEWRAP,6,A,,MAIN HOUSEWRAP,Siding,XXXX-60-1100,060.000,A,2000,XXXX-060.000-A-2000,Main housewrap elevation A
|60.00 MAIN HOUSEWRAP,6,B,,MAIN HOUSEWRAP,Siding,XXXX-60-1100,060.000,B,2000,XXXX-060.000-B-2000,Main housewrap elevation B
|60.00 MAIN HOUSEWRAP,6,C,,MAIN HOUSEWRAP,Siding,XXXX-60-1100,060.000,C,2000,XXXX-060.000-C-2000,Main housewrap elevation C
|60.00 MAIN HOUSEWRAP,6,D,,MAIN HOUSEWRAP,Siding,XXXX-60-1100,060.000,D,2000,XXXX-060.000-D-2000,Main housewrap elevation D
|60.00 MAIN HOUSEWRAP,"6","B, C, D","ELVB, ELVC, ELVD",MAIN HOUSEWRAP,Siding,XXXX-60-1100,060.000,BCD,2000,XXXX-060.000-BCD-2000,Main housewrap elevations B/C/D
|60.01 OPT FIREPLACE HOUSEWRAP,6,,FPSING,OPT FIREPLACE HOUSEWRAP,Siding,XXXX-60.01-1100,060.010,**,2000,XXXX-060.010-**-2000,Fireplace housewrap option
|60.60 EXTENDED GREAT ROOM HOUSEWRAP,6,,XGREAT,EXTENDED GREAT ROOM HOUSEWRAP,Siding,XXXX-60.6-1100,060.600,**,2000,XXXX-060.600-**-2000,Extended great room housewrap
|60.61 SUNROOM HOUSEWRAP,6,,SUN,SUNROOM HOUSEWRAP,Siding,XXXX-60.61-1100,060.610,**,2000,XXXX-060.610-**-2000,Sunroom housewrap
|60.82 OPT DEN HOUSEWRAP,"6","B, C, D","ELVB, ELVC, ELVD",OPT DEN HOUSEWRAP,Siding,XXXX-60.82-1100,060.820,BCD,2000,XXXX-060.820-BCD-2000,Den housewrap elevations B/C/D
|60.83 OPT DEN W/FULL BATH HOUSEWRAP,"6","B, C, D","ELVB, ELVC, ELVD",OPT DEN W/FULL BATH HOUSEWRAP,Siding,XXXX-60.83-1100,060.830,BCD,2000,XXXX-060.830-BCD-2000,Den with full bath housewrap B/C/D
|62.00 GARAGE HOUSEWRAP,6,,,GARAGE HOUSEWRAP,Siding,XXXX-62-1100,062.000,**,2000,XXXX-062.000-**-2000,Universal garage housewrap
|62.10 3RD CAR GARAGE HOUSEWRAP,6,,,3RD CAR GARAGE HOUSEWRAP,Siding,XXXX-62.1-1100,062.100,**,2000,XXXX-062.100-**-2000,3rd car garage housewrap
|62.40 4 CAR GARAGE TANDEM HOUSEWRAP,6,,,4 CAR GARAGE TANDEM HOUSEWRAP,Siding,XXXX-62.4-1100,062.400,**,2000,XXXX-062.400-**-2000,4 car tandem garage housewrap
|62.2x OPT 2 CAR GARAGE 2' EXT HOUSEWRAP,6,,GAREXT2,OPT 2 CAR GARAGE 2' EXT HOUSEWRAP,Siding,XXXX-62.2x-1100,062.020,**,2000,XXXX-062.020-**-2000,2 car garage 2 foot ext housewrap
|62.4x OPT 2 CAR GARAGE 4' EXT HOUSEWRAP,"6","A, B, C","2CAR4XA, 2CAR4XB, 2CAR4XC",OPT 2 CAR GARAGE 4' EXT HOUSEWRAP,Siding,XXXX-62.4x-1100,062.040,ABC,2000,XXXX-062.040-ABC-2000,2 car garage 4 foot ext housewrap A/B/C
|62.5x OPT 2 CAR GARAGE 5' EXT HOUSEWRAP,"6","A, B","2CAR5XA, 2CAR5XB",OPT 2 CAR GARAGE 5' EXT HOUSEWRAP,Siding,XXXX-62.5x-1100,062.050,AB,2000,XXXX-062.050-AB-2000,2 car garage 5 foot ext housewrap A/B
|70.00 MAIN SIDING,7,A,,MAIN SIDING,Siding,XXXX-70-1100,070.000,A,2100,XXXX-070.000-A-2100,Main siding elevation A
|70.00 MAIN SIDING,7,B,,MAIN SIDING,Siding,XXXX-70-1100,070.000,B,2100,XXXX-070.000-B-2100,Main siding elevation B
|70.00 MAIN SIDING,7,B,LOFT2,MAIN SIDING,Siding,XXXX-70-1100,070.000,B,2100,XXXX-070.000-B-2100,Main siding elevation B with loft 2
|70.00 MAIN SIDING,7,C,,MAIN SIDING,Siding,XXXX-70-1100,070.000,C,2100,XXXX-070.000-C-2100,Main siding elevation C
|70.00 MAIN SIDING,7,D,,MAIN SIDING,Siding,XXXX-70-1100,070.000,D,2100,XXXX-070.000-D-2100,Main siding elevation D
|70.00 MAIN SIDING,"7","B, C, D","ELVB, ELVC, ELVD",MAIN SIDING,Siding,XXXX-70-1100,070.000,BCD,2100,XXXX-070.000-BCD-2100,Main siding elevations B/C/D
|70.01 OPT FIREPLACE SIDING,7,,FPSING,OPT FIREPLACE SIDING,Siding,XXXX-70.01-1100,070.010,**,2100,XXXX-070.010-**-2100,Fireplace siding option
|70.60 EXTENDED GREAT ROOM SIDING,7,,XGREAT,EXTENDED GREAT ROOM SIDING,Siding,XXXX-70.6-1100,070.600,**,2100,XXXX-070.600-**-2100,Extended great room siding
|70.61 SUNROOM SIDING,7,,SUN,SUNROOM SIDING,Siding,XXXX-70.61-1100,070.610,**,2100,XXXX-070.610-**-2100,Sunroom siding
|70.82 OPT DEN SIDING,"7","B, C, D","ELVB, ELVC, ELVD",OPT DEN SIDING,Siding,XXXX-70.82-1100,070.820,BCD,2100,XXXX-070.820-BCD-2100,Den siding elevations B/C/D
|70.83 OPT DEN W/FULL BATH SIDING,"7","B, C, D","ELVB, ELVC, ELVD",OPT DEN W/FULL BATH SIDING,Siding,XXXX-70.83-1100,070.830,BCD,2100,XXXX-070.830-BCD-2100,Den with full bath siding B/C/D
|62.00 3RD CAR GARAGE SIDING AND TRIM,7,A,3CARA,3RD CAR GARAGE SIDING AND TRIM,Siding,XXXX-62-1100,062.000,A,2100,XXXX-062.000-A-2100,3rd car garage siding elevation A
|62.00 OPT 3CAR EXTERIOR TRIM AND SIDING,7,A,"ELVA, 3CARA",OPT 3CAR EXTERIOR TRIM AND SIDING,Siding,XXXX-62-1100,062.000,A,2100,XXXX-062.000-A-2100,3rd car garage trim/siding elevation A
|62.00 3RD CAR GARAGE SIDING AND TRIM,7,B,,3RD CAR GARAGE SIDING AND TRIM,Siding,XXXX-62-1100,062.000,B,2100,XXXX-062.000-B-2100,3rd car garage siding elevation B
|62.00 3RD CAR GARAGE SIDING AND TRIM,7,B,3CARB,3RD CAR GARAGE SIDING AND TRIM,Siding,XXXX-62-1100,062.000,B,2100,XXXX-062.000-B-2100,3rd car garage siding elevation B (duplicate)
|62.00 3RD CAR GARAGE SIDING AND TRIM,7,B,"ELVB, 3CARB",3RD CAR GARAGE SIDING AND TRIM,Siding,XXXX-62-1100,062.000,B,2100,XXXX-062.000-B-2100,3rd car garage siding elevation B (duplicate)
|62.00 3RD CAR GARAGE SIDING AND TRIM,7,B,3CARB,3RD CAR GARAGE SIDING AND TRIM,Siding,XXXX-62-1100,062.000,B,2100,XXXX-062.000-B-2100,3rd car garage siding elevation B (duplicate)
|62.00 OPT 3CAR EXTERIOR TRIM AND SIDING,7,B,"ELVB, 3CARB",OPT 3CAR EXTERIOR TRIM AND SIDING,Siding,XXXX-62-1100,062.000,B,2100,XXXX-062.000-B-2100,3rd car garage trim/siding elevation B
|62.00 3RD CAR GARAGE SIDING AND TRIM,7,"B, C, D",,3RD CAR GARAGE SIDING AND TRIM,Siding,XXXX-62-1100,062.000,BCD,2100,XXXX-062.000-BCD-2100,3rd car garage siding elevations B/C/D
|62.00 3RD CAR GARAGE SIDING AND TRIM,7,"B, D",,3RD CAR GARAGE SIDING AND TRIM,Siding,XXXX-62-1100,062.000,BD,2100,XXXX-062.000-BD-2100,3rd car garage siding elevations B/D
|62.00 3RD CAR GARAGE SIDING AND TRIM,7,C,,3RD CAR GARAGE SIDING AND TRIM,Siding,XXXX-62-1100,062.000,C,2100,XXXX-062.000-C-2100,3rd car garage siding elevation C
|62.00 3RD CAR GARAGE SIDING AND TRIM,7,C,3CARC,3RD CAR GARAGE SIDING AND TRIM,Siding,XXXX-62-1100,062.000,C,2100,XXXX-062.000-C-2100,3rd car garage siding elevation C (duplicate)
|62.00 3RD CAR GARAGE SIDING AND TRIM,7,C,"ELVC, 3CARC",3RD CAR GARAGE SIDING AND TRIM,Siding,XXXX-62-1100,062.000,C,2100,XXXX-062.000-C-2100,3rd car garage siding elevation C (duplicate)
|62.00 OPT 3CAR EXTERIOR TRIM AND SIDING,7,C,"ELVC, 3CARC",OPT 3CAR EXTERIOR TRIM AND SIDING,Siding,XXXX-62-1100,062.000,C,2100,XXXX-062.000-C-2100,3rd car garage trim/siding elevation C
|62.00 3RD CAR GARAGE SIDING AND TRIM,7,D,,3RD CAR GARAGE SIDING AND TRIM,Siding,XXXX-62-1100,062.000,D,2100,XXXX-062.000-D-2100,3rd car garage siding elevation D
|62.2x,7,,2CAR4XA,,Siding,XXXX-62.2x-1100,062.020,**,2100,XXXX-062.020-**-2100,2 car garage 2 foot extension (option A)
|62.2x OPT EXTENDED GARAGE SIDING,7,,2CAR4XB,OPT EXTENDED GARAGE SIDING,Siding,XXXX-62.2x-1100,062.020,**,2100,XXXX-062.020-**-2100,2 car garage 2 foot extension (option B)
|62.2x OPT EXTENDED GARAGE SIDING,7,,2CAR4XC,OPT EXTENDED GARAGE SIDING,Siding,XXXX-62.2x-1100,062.020,**,2100,XXXX-062.020-**-2100,2 car garage 2 foot extension (option C)
|63.00 COVERED PATIO SIDING,7,,COVP,COVERED PATIO SIDING,Siding,XXXX-63-1100,063.000,**,2100,XXXX-063.000-**-2100,Covered patio base siding
|63.10 COVERED DECK PATIO HOUSEWRAP,6,,COVP,COVERED DECK PATIO HOUSEWRAP,Siding,XXXX-63.1-1100,063.100,**,2000,XXXX-063.100-**-2000,Covered patio 1 housewrap
|63.10 COVERED PATIO 1 SIDING,7,,,COVERED PATIO 1 SIDING,Siding,XXXX-63.1-1100,063.100,**,2100,XXXX-063.100-**-2100,Covered patio 1 siding
|63.10 COVERED PATIO HOUSEWRAP,6,,COVP,COVERED PATIO HOUSEWRAP,Siding,XXXX-63.1-1100,063.100,**,2000,XXXX-063.100-**-2000,Covered patio housewrap (duplicate)
|63.10 OPT COVERED PATIO 1 SIDING,7,"COVD, COVP","COVD, COVP",OPT COVERED PATIO 1 SIDING,Siding,XXXX-63.1-1100,063.100,**,2100,XXXX-063.100-**-2100,Covered patio 1 with deck option
|63.10 OPT COVERED PATIO 1 SIDING,7,"A, B, C","COVP, COVD",OPT COVERED PATIO 1 SIDING,Siding,XXXX-63.1-1100,063.100,ABC,2100,XXXX-063.100-ABC-2100,Covered patio 1 elevations A/B/C
|63.10 OPT COVERED PATIO SIDING,7,,COVP,OPT COVERED PATIO SIDING,Siding,XXXX-63.1-1100,063.100,**,2100,XXXX-063.100-**-2100,Covered patio option siding
|63.1p OPT COVERED PATIO POST WRAP,7 or 8,,COVP,OPT COVERED PATIO POST WRAP,Siding,XXXX-63.1p-1100,063.101,**,2100,XXXX-063.101-**-2100,Covered patio 1 post wrap (using .101 for post variant)
|63.20 COVERED PATIO 2 SIDING,7,,COVP2,COVERED PATIO 2 SIDING,Siding,XXXX-63.2-1100,063.200,**,2100,XXXX-063.200-**-2100,Covered patio 2 siding
|63.2p COVERED PATIO 2 POST WRAP,7 or 8,"COVD2, COVP2","COVD2, COVP2",COVERED PATIO 2 POST WRAP,Siding,XXXX-63.2p-1100,063.201,**,2100,XXXX-063.201-**-2100,Covered patio 2 post wrap
|63.2p COVERED PATIO 2 POST WRAP,7 or 8,,COVP2,COVERED PATIO 2 POST WRAP,Siding,XXXX-63.2p-1100,063.201,**,2100,XXXX-063.201-**-2100,Covered patio 2 post wrap (duplicate)
|63.30 OPT COVERED PATIO SIDING,7,,COVP3,OPT COVERED PATIO SIDING,Siding,XXXX-63.3-1100,063.300,**,2100,XXXX-063.300-**-2100,Covered patio 3 siding
|63.3p COVERED PATIO 2 POST WRAP,7 or 8,"COVD3, COVP3","COVD3, COVP3",COVERED PATIO 2 POST WRAP,Siding,XXXX-63.3p-1100,063.301,**,2100,XXXX-063.301-**-2100,Covered patio 3 post wrap
|63.3p OPT COVERED PATIO POST WRAP,7 or 8,,COVP3,OPT COVERED PATIO POST WRAP,Siding,XXXX-63.3p-1100,063.301,**,2100,XXXX-063.301-**-2100,Covered patio 3 post wrap (duplicate)
|63.61 COVERED PATIO SUNROOM SIDING,7,,COVPSN1,COVERED PATIO SUNROOM SIDING,Siding,XXXX-63.61-1100,063.610,**,2100,XXXX-063.610-**-2100,Covered patio sunroom siding
|63.61 COVERED PATIO SUNROOM POST WRAP,7 or 8,,COVP,COVERED PATIO SUNROOM POST WRAP,Siding,XXXX-63.61-1100,063.611,**,2100,XXXX-063.611-**-2100,Covered patio sunroom post wrap
|63.pw COVERED PATIO POST WRAP,7,,COVP,COVERED PATIO POST WRAP,Siding,XXXX-63.pw-1100,063.900,**,2100,XXXX-063.900-**-2100,Generic covered patio post wrap (using .900 for generic variant)
|63.sr COVERED PATIO @ SUNROOM SIDING,7,"COVPSN1, COVD1SN","COVPSN1, COVD1SN",COVERED PATIO @ SUNROOM SIDING,Siding,XXXX-63.sr-1100,063.910,**,2100,XXXX-063.910-**-2100,Sunroom variant covered patio siding
|63.xc EXTENDED COVERED PATIO SIDING,7,,COVPX,EXTENDED COVERED PATIO SIDING,Siding,XXXX-63.xc-1100,063.920,**,2100,XXXX-063.920-**-2100,Extended covered patio siding
|63.xp EXTENDED COVERED PATIO POST WRAP,7 or 8,,COVPX,EXTENDED COVERED PATIO POST WRAP,Siding,XXXX-63.xp-1100,063.921,**,2100,XXXX-063.921-**-2100,Extended covered patio post wrap
|65.10 OPT COVERED DECK SIDING,7,,COVD,OPT COVERED DECK SIDING,Siding,XXXX-65.1-1100,065.100,**,2100,XXXX-065.100-**-2100,Covered deck 1 siding
|65.1p OPT COVERED DECK POST WRAP,7 or 8,,COVD,OPT COVERED DECK POST WRAP,Siding,XXXX-65.1p-1100,065.101,**,2100,XXXX-065.101-**-2100,Covered deck 1 post wrap
|65.1p POST WRAP,7 or 8,,COVD,POST WRAP,Siding,XXXX-65.1p-1100,065.101,**,2100,XXXX-065.101-**-2100,Generic post wrap (duplicate)
|65.20 COVERED DECK 2 SIDING,7,,COVD2,COVERED DECK 2 SIDING,Siding,XXXX-65.2-1100,065.200,**,2100,XXXX-065.200-**-2100,Covered deck 2 siding
|65.2p COVERED DECK 2 POST WRAP,7,,COVD2,COVERED DECK 2 POST WRAP,Siding,XXXX-65.2p-1100,065.201,**,2100,XXXX-065.201-**-2100,Covered deck 2 post wrap
|65.2p COVERED DECK POST WRAP,7,,COVD2,COVERED DECK POST WRAP,Siding,XXXX-65.2p-1100,065.201,**,2100,XXXX-065.201-**-2100,Covered deck 2 post wrap (duplicate)
|65.30 OPT COVERED DECK SIDING,7,,COVD3,OPT COVERED DECK SIDING,Siding,XXXX-65.3-1100,065.300,**,2100,XXXX-065.300-**-2100,Covered deck 3 siding
|65.3p OPT COVERED DECK POST WRAP,7 or 8,,COVD3,OPT COVERED DECK POST WRAP,Siding,XXXX-65.3p-1100,065.301,**,2100,XXXX-065.301-**-2100,Covered deck 3 post wrap
|74.10 DECK SURFACE & RAIL,8 or 9,,DECK,DECK SURFACE & RAIL,Siding,XXXX-74.1-1100,074.100,**,2100,XXXX-074.100-**-2100,Deck 1 surface and rail
|74.20 DECK SURFACE & RAIL,8 or 9,,DECK2,DECK SURFACE & RAIL,Siding,XXXX-74.2-1100,074.200,**,2100,XXXX-074.200-**-2100,Deck 2 surface and rail
|74.30 DECK SURFACE & RAIL,8 or 9,,DECK3,DECK SURFACE & RAIL,Siding,XXXX-74.3-1100,074.300,**,2100,XXXX-074.300-**-2100,Deck 3 surface and rail
|74.60 DECK SURFACE & RAIL @ EXT GRT RM,8 or 9,"XGREAT, COVD2, WO2","XGREAT, COVD2, WO2",DECK SURFACE & RAIL @ EXT GRT RM,Siding,XXXX-74.6-1100,074.600,**,2100,XXXX-074.600-**-2100,Deck at extended great room
|74.ed EXT DECK SURFACE & RAIL,8 or 9,"COVD2, WO","COVD2, WO",EXT DECK SURFACE & RAIL,Siding,XXXX-74.ed-1100,074.900,**,2100,XXXX-074.900-**-2100,Extended deck variant (using .900 for special)
|75.10 DECK SURFACE & RAIL,8 or 9,,COVD,DECK SURFACE & RAIL,Siding,XXXX-75.1-1100,075.100,**,2100,XXXX-075.100-**-2100,Covered deck 1 surface and rail
|75.1s STAIRS SURFACE & RAIL,8 or 9,,COVD,STAIRS SURFACE & RAIL,Siding,XXXX-75.1s-1100,075.101,**,2100,XXXX-075.101-**-2100,Covered deck 1 stairs (using .101 for stairs variant)
|75.20 DECK SURFACE & RAIL,8 or 9,,COVD2,DECK SURFACE & RAIL,Siding,XXXX-75.2-1100,075.200,**,2100,XXXX-075.200-**-2100,Covered deck 2 surface and rail
|75.2s STAIRS SURFACE & RAIL,8 or 9,,COVD2,STAIRS SURFACE & RAIL,Siding,XXXX-75.2s-1100,075.201,**,2100,XXXX-075.201-**-2100,Covered deck 2 stairs
|75.30 DECK SURFACE & RAIL,8 or 9,,COVD3,DECK SURFACE & RAIL,Siding,XXXX-75.3-1100,075.300,**,2100,XXXX-075.300-**-2100,Covered deck 3 surface and rail
|75.tc DECK SURFACE & RAIL,8 or 9,,TALLCRWL,DECK SURFACE & RAIL,Siding,XXXX-75.tc-1100,075.900,**,2100,XXXX-075.900-**-2100,Tall crawl deck (using .900 for special)
|80.00 TALL CRAWL,1,,TALLCRWL,TALL CRAWL,Framing,XXXX-80-1000,080.000,**,1000,XXXX-080.000-**-1000,Tall crawlspace foundation
|90.00 TALL CRAWL SIDING,7,,TALLCRWL,TALL CRAWL SIDING,Siding,XXXX-90-1100,090.000,**,2100,XXXX-090.000-**-2100,Tall crawlspace siding
