Richmond_Pack_ID,Shipping_Order,Elevation_Letters_Original,Option_Codes,Phase_Str,Pack_Name,Item_No,Item_Type,Old_Code,New_Phase_Code,New_Elevation_Code,New_Item_Type_Code,New_Full_Code
|09.00 WO BASEMENT WALLS     ,1,,,09.00,WO BASEMENT WALLS     ,1000,Framing,XXXX-09.00-1000,009.000,**,1000,XXXX-009.000-**-1000
|09.20 WO BASEMENT WALLS 2    ,1,,WO2,09.20,WO BASEMENT WALLS 2    ,1000,Framing,XXXX-09.20-1000,009.200,**,1000,XXXX-009.200-**-1000
|10.00 FOUNDATION       ,1,,,10.00,FOUNDATION       ,1000,Framing,XXXX-10-1000,010.000,**,1000,XXXX-010.000-**-1000
|10.01 OPT FOUNDATION      ,1,,FPSING01,10.01,OPT FOUNDATION      ,1000,Framing,XXXX-10.01-1000,010.010,**,1000,XXXX-010.010-**-1000
|10.60 EXTENDED GREAT ROOM FOUNDATION    ,1,,XGREAT,10.60,EXTENDED GREAT ROOM FOUNDATION    ,1000,Framing,XXXX-10.6-1000,010.600,**,1000,XXXX-010.600-**-1000
|10.61 SUNROOM FOUNDATION      ,1,,SUN,10.61,SUNROOM FOUNDATION      ,1000,Framing,XXXX-10.61-1000,010.610,**,1000,XXXX-010.610-**-1000
|10.82 OPT DEN FOUNDATION     ,1,,,10.82,OPT DEN FOUNDATION     ,1000,Framing,XXXX-10.82-1000,010.820,**,1000,XXXX-010.820-**-1000
|10.82 OPT DEN FOUNDATION     ,1,"B, C, D",,10.82,OPT DEN FOUNDATION     ,1000,Framing,XXXX-10.82-1000,010.820,BCD,1000,XXXX-010.820-BCD-1000
|10.83 OPT DEN W/FULL BATH FOUNDATION   ,1,"B, C, D",,10.83,OPT DEN W/FULL BATH FOUNDATION   ,1000,Framing,XXXX-10.83-1000,010.830,BCD,1000,XXXX-010.830-BCD-1000
|10.tc TALLCRAWL FRAMING      ,1,,TALLCRWL,10.tc,TALLCRAWL FRAMING      ,1000,Framing,XXXX-10.tc-1000,010.900,**,1000,XXXX-010.900-**-1000
|10.00 FOUNDATION       ,1,"B, C, D",,10.00,FOUNDATION       ,1000,Framing,XXXX-10-1000,010.000,BCD,1000,XXXX-010.000-BCD-1000
|11.00 MAIN JOIST SYSTEM @FOUNDATION    ,1,,,11.00,MAIN JOIST SYSTEM @FOUNDATION    ,1000,Framing,XXXX-11-1000,011.000,**,1000,XXXX-011.000-**-1000
|11.01 MAIN JOIST SYSTEM FIREPLACE ADD ON @FOUNDATION ,1,,FPSING,11.01,MAIN JOIST SYSTEM FIREPLACE ADD ON @FOUNDATION ,1000,Framing,XXXX-11.01-1000,011.010,**,1000,XXXX-011.010-**-1000
|11.60 MAIN JOIST SYSTEM @ EXTENDED GREAT ROOM ,1,,XGREAT,11.60,MAIN JOIST SYSTEM @ EXTENDED GREAT ROOM ,1000,Framing,XXXX-11.6-1000,011.600,**,1000,XXXX-011.600-**-1000
|11.62 MAIN JOIST SYSTEM LOFT 2 ADD ON @FOUNDATION,1,,LOFT2,11.62,MAIN JOIST SYSTEM LOFT 2 ADD ON @FOUNDATION,1000,Framing,XXXX-11.62-1000,011.620,**,1000,XXXX-011.620-**-1000
|12.00 OPT 3RD CAR GARAGE FOUNDATION   ,1,,"3CARA, 3CARB, 3CARC",12.00,OPT 3RD CAR GARAGE FOUNDATION   ,1000,Framing,XXXX-12-1000,012.000,**,1000,XXXX-012.000-**-1000
|12.40 OPT 4 CAR GARAGE TANDEM FOUNDATION  ,1,,"4CARTA, 4CARTB, 4CARTC",12.40,OPT 4 CAR GARAGE TANDEM FOUNDATION  ,1000,Framing,XXXX-12.4-1000,012.400,**,1000,XXXX-012.400-**-1000
|12.2x OPT 2 CAR GARAGE 2' EXT FOUNDATION ,1,,GAREXT2,12.2x,OPT 2 CAR GARAGE 2' EXT FOUNDATION ,1000,Framing,XXXX-12.2x-1000,012.020,**,1000,XXXX-012.020-**-1000
|12.4x OPT 2 CAR GARAGE 4' EXT FOUNDATION ,1,"A, B, C","2CAR4XA, 2CAR4XB, 2CAR4XC",12.4x,OPT 2 CAR GARAGE 4' EXT FOUNDATION ,1000,Framing,XXXX-12.4x-1000,012.040,ABC,1000,XXXX-012.040-ABC-1000
|12.5x OPT 2 CAR GARAGE 5' EXT FOUNDATION ,1,"A, B","2CAR5XA, 2CAR5XB",12.5x,OPT 2 CAR GARAGE 5' EXT FOUNDATION ,1000,Framing,XXXX-12.5x-1000,012.050,AB,1000,XXXX-012.050-AB-1000
|12.00 3RD CAR GARAGE FOUNDATION    ,1,"A, B, D","3CARA, 3CARB, 3CARD",12.00,3RD CAR GARAGE FOUNDATION    ,1000,Framing,XXXX-12-1000,012.000,ABD,1000,XXXX-012.000-ABD-1000
|12.00 3RD CAR GARAGE FOUNDATION    ,1,"B, C, D","3CARB, 3CARC, 3CARD",12.00,3RD CAR GARAGE FOUNDATION    ,1000,Framing,XXXX-12-1000,012.000,BCD,1000,XXXX-012.000-BCD-1000
|13.10 COVERED PATIO FOUNDATION     ,1,,COVP,13.10,COVERED PATIO FOUNDATION     ,1000,Framing,XXXX-13.1-1000,013.100,**,1000,XXXX-013.100-**-1000
|13.20 COVERED PATIO 2 FOUNDATION    ,1,,COVP2,13.20,COVERED PATIO 2 FOUNDATION    ,1000,Framing,XXXX-13.2-1000,013.200,**,1000,XXXX-013.200-**-1000
|13.20 COVERED PATIO 2 FOUNDATION    ,1,,COVP2,13.20,COVERED PATIO 2 FOUNDATION    ,1000,Framing,XXXX-13.2-1000,013.200,**,1000,XXXX-013.200-**-1000
|13.30 COVERED PATIO 3 FOUNDATION    ,1,,COVP3,13.30,COVERED PATIO 3 FOUNDATION    ,1000,Framing,XXXX-13.3-1000,013.300,**,1000,XXXX-013.300-**-1000
|14.10 DECK FOUNDATION      ,1,,DECK,14.10,DECK FOUNDATION      ,1000,Framing,XXXX-14.1-1000,014.100,**,1000,XXXX-014.100-**-1000
|14.20 DECK FOUNDATION      ,1,,DECK2,14.20,DECK FOUNDATION      ,1000,Framing,XXXX-14.2-1000,014.200,**,1000,XXXX-014.200-**-1000
|14.30 DECK FOUNDATION      ,1,,DECK3,14.30,DECK FOUNDATION      ,1000,Framing,XXXX-14.3-1000,014.300,**,1000,XXXX-014.300-**-1000
|15.10 COVERED DECK FOUNDATION     ,1,,COVD,15.10,COVERED DECK FOUNDATION     ,1000,Framing,XXXX-15.1-1000,015.100,**,1000,XXXX-015.100-**-1000
|15.20 COVERED DECK FOUNDATION     ,1,,COVD2,15.20,COVERED DECK FOUNDATION     ,1000,Framing,XXXX-15.2-1000,015.200,**,1000,XXXX-015.200-**-1000
|15.30 COVERED DECK FOUNDATION     ,1,,COVD3,15.30,COVERED DECK FOUNDATION     ,1000,Framing,XXXX-15.3-1000,015.300,**,1000,XXXX-015.300-**-1000
|16.10 TRUSSED MAIN FLOOR OVER BASEMENT   ,1,,WO,16.10,TRUSSED MAIN FLOOR OVER BASEMENT   ,1000,Framing,XXXX-16.1-1000,016.100,**,1000,XXXX-016.100-**-1000
|16.61 WO BSMT MAIN FLOOR    ,1,,SUNWO,16.61,WO BSMT MAIN FLOOR    ,1000,Framing,XXXX-16.61-1000,016.610,**,1000,XXXX-016.610-**-1000
"16.10, 16.20 OPT WO BASEMENT MAIN FLOOR SYSTEM  ",1,,"WO, WO2","16.10, 16.20",OPT WO BASEMENT MAIN FLOOR SYSTEM  ,1000,Framing,"XXXX-16.10, 16.20-1000",016.100,**,1000,XXXX-016.100-**-1000
|18.82 OPT DEN SUBFLOOR     ,2,,,18.82,OPT DEN SUBFLOOR     ,1000,Framing,XXXX-18.82-1000,018.820,**,1000,XXXX-018.820-**-1000
|18.82 OPT DEN SUBFLOOR     ,2,"B, C, D",,18.82,OPT DEN SUBFLOOR     ,1000,Framing,XXXX-18.82-1000,018.820,BCD,1000,XXXX-018.820-BCD-1000
|18.83 OPT DEN W/FULL BATH SUBFLOOR   ,2,"B, C, D",,18.83,OPT DEN W/FULL BATH SUBFLOOR   ,1000,Framing,XXXX-18.83-1000,018.830,BCD,1000,XXXX-018.830-BCD-1000
|18.00 MAIN SUBFLOOR      ,2,"B, C, D",,18.00,MAIN SUBFLOOR      ,1000,Framing,XXXX-18-1000,018.000,BCD,1000,XXXX-018.000-BCD-1000
|20.00 MAIN FLOOR WALLS     ,3,,,20.00,MAIN FLOOR WALLS     ,1000,Framing,XXXX-20-1000,020.000,**,1000,XXXX-020.000-**-1000
|20.01 OPT DBL      ,3,,SIDED FIREPLACE,20.01,OPT DBL      ,1000,Framing,XXXX-20.01-1000,020.010,**,1000,XXXX-020.010-**-1000
|20.02 OPT GREAT ROOM WINDOWS    ,3,,WDWGREAT,20.02,OPT GREAT ROOM WINDOWS    ,1000,Framing,XXXX-20.02-1000,020.020,**,1000,XXXX-020.020-**-1000
|20.02 OPT ALT GREAT ROOM WINDOWS W/ FIREPLACE ,3,,WDWGRALT,20.02,OPT ALT GREAT ROOM WINDOWS W/ FIREPLACE ,1000,Framing,XXXX-20.02-1000,020.020,**,1000,XXXX-020.020-**-1000
|20.02 OPT GREAT ROOM WINDOW(S) @ EXT GRT RM,3,,WDWGRTX,20.02,OPT GREAT ROOM WINDOW(S) @ EXT GRT RM,1000,Framing,XXXX-20.02-1000,020.020,**,1000,XXXX-020.020-**-1000
|20.06 OPT FLEX WINDOW     ,3,,,20.06,OPT FLEX WINDOW     ,1000,Framing,XXXX-20.06-1000,020.060,**,1000,XXXX-020.060-**-1000
|20.12 OPT CENTER MEET DOOR    ,3,,MSLIDE1,20.12,OPT CENTER MEET DOOR    ,1000,Framing,XXXX-20.12-1000,020.120,**,1000,XXXX-020.120-**-1000
|20.2l OPT CENTER MEET DOOR @ LOFT  ,3,,MSLIDE1,20.2l,OPT CENTER MEET DOOR @ LOFT  ,1000,Framing,XXXX-20.2l-1000,020.210,**,1000,XXXX-020.210-**-1000
|20.13 OPT MULT      ,3,,"SLIDE DOOR, MSLIDE2",20.13,OPT MULT      ,1000,Framing,XXXX-20.13-1000,020.130,**,1000,XXXX-020.130-**-1000
|20.3l OPT MULTI      ,3,,"SLIDE DOOR @ LOFT, MSLIDE2",20.3l,OPT MULTI      ,1000,Framing,XXXX-20.3l-1000,020.310,**,1000,XXXX-020.310-**-1000
|20.14 OPT BEDROOM 2 WINDOW    ,3,,WDWBR2,20.14,OPT BEDROOM 2 WINDOW    ,1000,Framing,XXXX-20.14-1000,020.140,**,1000,XXXX-020.140-**-1000
|20.15 OPT BEDROOM 3 WINDOW    ,3,,WDWBR3,20.15,OPT BEDROOM 3 WINDOW    ,1000,Framing,XXXX-20.15-1000,020.150,**,1000,XXXX-020.150-**-1000
|20.15 OPT BEDROOM 3 WINDOW    ,3,,WDWBR3,20.15,OPT BEDROOM 3 WINDOW    ,1000,Framing,XXXX-20.15-1000,020.150,**,1000,XXXX-020.150-**-1000
|20.16 OPT BEDROOM 4 WINDOW    ,3,,WDWBR4,20.16,OPT BEDROOM 4 WINDOW    ,1000,Framing,XXXX-20.16-1000,020.160,**,1000,XXXX-020.160-**-1000
|20.17 OPT BEDROOM 5 WINDOW    ,3,,WDWBR5,20.17,OPT BEDROOM 5 WINDOW    ,1000,Framing,XXXX-20.17-1000,020.170,**,1000,XXXX-020.170-**-1000
|20.19 OPT STUDY WINDOW     ,3,,WDWSTUDY,20.19,OPT STUDY WINDOW     ,1000,Framing,XXXX-20.19-1000,020.190,**,1000,XXXX-020.190-**-1000
|20.20 OPT POWDER      ,3,,ABAPWDR,20.20,OPT POWDER      ,1000,Framing,XXXX-20.2-1000,020.200,**,1000,XXXX-020.200-**-1000
|20.21 OPT DBA DELUXE MASTER BATH 1  ,3,,DBA,20.21,OPT DBA DELUXE MASTER BATH 1  ,1000,Framing,XXXX-20.21-1000,020.210,**,1000,XXXX-020.210-**-1000
|20.22 OPT DBA2 DELUXE MASTER BATH 2  ,3,,DBA2,20.22,OPT DBA2 DELUXE MASTER BATH 2  ,1000,Framing,XXXX-20.22-1000,020.220,**,1000,XXXX-020.220-**-1000
|20.23 OPT DBA DELUXE MASTER BATH 3  ,3,,DBA3,20.23,OPT DBA DELUXE MASTER BATH 3  ,1000,Framing,XXXX-20.23-1000,020.230,**,1000,XXXX-020.230-**-1000
|20.24 OPT BEDROOM 4     ,3,,ABR4,20.24,OPT BEDROOM 4     ,1000,Framing,XXXX-20.24-1000,020.240,**,1000,XXXX-020.240-**-1000
|20.24 OPT BEDROOM 4     ,3,,ABR4BA,20.24,OPT BEDROOM 4     ,1000,Framing,XXXX-20.24-1000,020.240,**,1000,XXXX-020.240-**-1000
|20.25 OPT BEDROOM 5 W/ BATHROOM   ,3,,ABR5BA,20.25,OPT BEDROOM 5 W/ BATHROOM   ,1000,Framing,XXXX-20.25-1000,020.250,**,1000,XXXX-020.250-**-1000
|20.27 OPT STUDY      ,3,,STUDY,20.27,OPT STUDY      ,1000,Framing,XXXX-20.27-1000,020.270,**,1000,XXXX-020.270-**-1000
|20.28 OPT DINING ROOM     ,3,,,20.28,OPT DINING ROOM     ,1000,Framing,XXXX-20.28-1000,020.280,**,1000,XXXX-020.280-**-1000
|20.29 OPT BED W/ BATHROOM ILO DEN  ,3,,,20.29,OPT BED W/ BATHROOM ILO DEN  ,1000,Framing,XXXX-20.29-1000,020.290,**,1000,XXXX-020.290-**-1000
|20.33 OPT FRENCH DOUBLE DOOR    ,3,,FRENCHDB,20.33,OPT FRENCH DOUBLE DOOR    ,1000,Framing,XXXX-20.33-1000,020.330,**,1000,XXXX-020.330-**-1000
|20.34 OPT POCKET OFFICE     ,3,,,20.34,OPT POCKET OFFICE     ,1000,Framing,XXXX-20.34-1000,020.340,**,1000,XXXX-020.340-**-1000
|20.41 OPT DINING ROOM COFFERED CEILING   ,3,,COFDIN,20.41,OPT DINING ROOM COFFERED CEILING   ,1000,Framing,XXXX-20.41-1000,020.410,**,1000,XXXX-020.410-**-1000
|20.42 OPT MBR COFFERED CEILING    ,3,,COFMBR,20.42,OPT MBR COFFERED CEILING    ,1000,Framing,XXXX-20.42-1000,020.420,**,1000,XXXX-020.420-**-1000
|20.43 OPT ENTRY COFFERED CEILING    ,3,"A, B, C",,20.43,OPT ENTRY COFFERED CEILING    ,1000,Framing,XXXX-20.43-1000,020.430,ABC,1000,XXXX-020.430-ABC-1000
|20.44 OPT LIVING ROOM COFFERED CEILING   ,3,,,20.44,OPT LIVING ROOM COFFERED CEILING   ,1000,Framing,XXXX-20.44-1000,020.440,**,1000,XXXX-020.440-**-1000
|20.50 OPT BOOKCASE STUDY     ,3,,BOOK1,20.50,OPT BOOKCASE STUDY     ,1000,Framing,XXXX-20.5-1000,020.500,**,1000,XXXX-020.500-**-1000
|20.60 EXTENDED GREAT ROOM WALLS    ,3,,XGREAT,20.60,EXTENDED GREAT ROOM WALLS    ,1000,Framing,XXXX-20.6-1000,020.600,**,1000,XXXX-020.600-**-1000
|20.61 MAIN WALLS SUNROOM     ,3,,SUN,20.61,MAIN WALLS SUNROOM     ,1000,Framing,XXXX-20.61-1000,020.610,**,1000,XXXX-020.610-**-1000
|20.70 MAIN WALL OPT BDR 3   ,3,,,20.70,MAIN WALL OPT BDR 3   ,1000,Framing,XXXX-20.7-1000,020.700,**,1000,XXXX-020.700-**-1000
|20.81 OPT CLUBHOUSE RETREAT     ,3,,RETREAT,20.81,OPT CLUBHOUSE RETREAT     ,1000,Framing,XXXX-20.81-1000,020.810,**,1000,XXXX-020.810-**-1000
|20.82 OPT DEN WALLS     ,3,,,20.82,OPT DEN WALLS     ,1000,Framing,XXXX-20.82-1000,020.820,**,1000,XXXX-020.820-**-1000
|20.82 OPT DEN WALLS     ,3,"B, C, D",,20.82,OPT DEN WALLS     ,1000,Framing,XXXX-20.82-1000,020.820,BCD,1000,XXXX-020.820-BCD-1000
|20.82 OPT DEN WALLS     ,3,,,20.82,OPT DEN WALLS     ,1000,Framing,XXXX-20.82-1000,020.820,**,1000,XXXX-020.820-**-1000
|20.83 OPT DEN W/FULL BATH WALLS   ,3,"B, C, D",,20.83,OPT DEN W/FULL BATH WALLS   ,1000,Framing,XXXX-20.83-1000,020.830,BCD,1000,XXXX-020.830-BCD-1000
|20.83 OPT DEN W/ FULL BALL WALLS  ,3,,,20.83,OPT DEN W/ FULL BALL WALLS  ,1000,Framing,XXXX-20.83-1000,020.830,**,1000,XXXX-020.830-**-1000
|20.ak Alternate Kitchen      ,3,,,20.ak,Alternate Kitchen      ,1000,Framing,XXXX-20.ak-1000,020.000,**,1000,XXXX-020.000-**-1000
|20.lo MAIN FLOOR WALLS (LOFT)    ,3,"A, B, C",,20.lo,MAIN FLOOR WALLS (LOFT)    ,1000,Framing,XXXX-20.lo-1000,020.000,ABC,1000,XXXX-020.000-ABC-1000
|20.nl MAIN FLOOR WALLS (NO LOFT)   ,3,"A, B, C",,20.nl,MAIN FLOOR WALLS (NO LOFT)   ,1000,Framing,XXXX-20.nl-1000,020.000,ABC,1000,XXXX-020.000-ABC-1000
|20.00 MAIN FLOOR WALLS     ,3,"B, C",,20.00,MAIN FLOOR WALLS     ,1000,Framing,XXXX-20-1000,020.000,BC,1000,XXXX-020.000-BC-1000
|20.00 MAIN FLOOR WALLS     ,3,"B, C, D",,20.00,MAIN FLOOR WALLS     ,1000,Framing,XXXX-20-1000,020.000,BCD,1000,XXXX-020.000-BCD-1000
|20.00 MAIN WALLS      ,3,D,,20.00,MAIN WALLS      ,1000,Framing,XXXX-20-1000,020.000,D,1000,XXXX-020.000-D-1000
|20.ma FRAMING MASONRY      ,3,,,20.ma,FRAMING MASONRY      ,1000,Framing,XXXX-20.ma-1000,020.000,**,1000,XXXX-020.000-**-1000
|20.rf MAIN WALLS READYFRAME     ,3,,,20.rf,MAIN WALLS READYFRAME     ,1000,Framing,XXXX-20.rf-1000,020.000,**,1000,XXXX-020.000-**-1000
|22.40 OPT 4 CAR GARAGE TANDEM WALLS  ,3,A,4CARTA,22.40,OPT 4 CAR GARAGE TANDEM WALLS  ,1000,Framing,XXXX-22.4-1000,022.400,A,1000,XXXX-022.400-A-1000
|22.40 OPT 4 CAR GARAGE TANDEM WALLS  ,3,"B, C","3CARTB, 3CARTC",22.40,OPT 4 CAR GARAGE TANDEM WALLS  ,1000,Framing,XXXX-22.4-1000,022.400,BC,1000,XXXX-022.400-BC-1000
|22.4x OPT 2 CAR GARAGE 4' EXT WALLS ,3,,2CAR4XA,22.4x,OPT 2 CAR GARAGE 4' EXT WALLS ,1000,Framing,XXXX-22.4x-1000,022.040,**,1000,XXXX-022.040-**-1000
|22.4x OPT 2 CAR GARAGE 4' EXT WALLS ,3,,2CAR4XB,22.4x,OPT 2 CAR GARAGE 4' EXT WALLS ,1000,Framing,XXXX-22.4x-1000,022.040,**,1000,XXXX-022.040-**-1000
|22.4x OPT 2 CAR GARAGE 4' EXT WALLS ,3,,2CAR4XC,22.4x,OPT 2 CAR GARAGE 4' EXT WALLS ,1000,Framing,XXXX-22.4x-1000,022.040,**,1000,XXXX-022.040-**-1000
|22.2x OPT EXTENDED GARAGE WALLS    ,3,,GAREXT2,22.2x,OPT EXTENDED GARAGE WALLS    ,1000,Framing,XXXX-22.2x-1000,022.020,**,1000,XXXX-022.020-**-1000
|22.2x OPT EXTENDED GARAGE WALLS    ,3,,"OPTI PLATE, GAREXT2",22.2x,OPT EXTENDED GARAGE WALLS    ,1000,Framing,XXXX-22.2x-1000,022.020,**,1000,XXXX-022.020-**-1000
|22.4x OPT 2 CAR GARAGE 4' EXT WALLS ,3,"A, B, C","2CAR4XA, 2CAR4XB, 2CAR4XC",22.4x,OPT 2 CAR GARAGE 4' EXT WALLS ,1000,Framing,XXXX-22.4x-1000,022.040,ABC,1000,XXXX-022.040-ABC-1000
|22.5x OPT 2 CAR GARAGE 5' EXT WALLS ,3,"A, B","2CAR5XA, 2CAR5XB",22.5x,OPT 2 CAR GARAGE 5' EXT WALLS ,1000,Framing,XXXX-22.5x-1000,022.050,AB,1000,XXXX-022.050-AB-1000
|22.5x OPT 2 CAR GARAGE 5' EXT WALLS ,3,C,2CAR5XC,22.5x,OPT 2 CAR GARAGE 5' EXT WALLS ,1000,Framing,XXXX-22.5x-1000,022.050,C,1000,XXXX-022.050-C-1000
|22.00 3RD CAR GARAGE WALLS    ,3,"B, C",,22.00,3RD CAR GARAGE WALLS    ,1000,Framing,XXXX-22-1000,022.000,BC,1000,XXXX-022.000-BC-1000
|22.00 3RD CAR GARAGE WALLS    ,3,"B, C, D",,22.00,3RD CAR GARAGE WALLS    ,1000,Framing,XXXX-22-1000,022.000,BCD,1000,XXXX-022.000-BCD-1000
|22.00 3RD CAR GARAGE WALLS    ,3,D,,22.00,3RD CAR GARAGE WALLS    ,1000,Framing,XXXX-22-1000,022.000,D,1000,XXXX-022.000-D-1000
|23.00 COVERED PATIO      ,3,,COVP,23.00,COVERED PATIO      ,1000,Framing,XXXX-23-1000,023.000,**,1000,XXXX-023.000-**-1000
|23.10 COVERED PATIO      ,3,,COVP,23.10,COVERED PATIO      ,1000,Framing,XXXX-23.1-1000,023.100,**,1000,XXXX-023.100-**-1000
|23.20 COVERED PATIO 2     ,3,,,23.20,COVERED PATIO 2     ,1000,Framing,XXXX-23.2-1000,023.200,**,1000,XXXX-023.200-**-1000
|23.20 COVERED PATIO 2     ,3,,COVP2,23.20,COVERED PATIO 2     ,1000,Framing,XXXX-23.2-1000,023.200,**,1000,XXXX-023.200-**-1000
|23.30 COVERED PATIO 3     ,3,,COVP3,23.30,COVERED PATIO 3     ,1000,Framing,XXXX-23.3-1000,023.300,**,1000,XXXX-023.300-**-1000
|23.61 SUNROOM COVERED PATIO     ,3,,COVPSN1,23.61,SUNROOM COVERED PATIO     ,1000,Framing,XXXX-23.61-1000,023.610,**,1000,XXXX-023.610-**-1000
|23.sr COVERED PATIO @ SUNROOM    ,3,,"SUN, SUNWO, COVPSN1, COVD1SN",23.sr,COVERED PATIO @ SUNROOM    ,1000,Framing,XXXX-23.sr-1000,023.910,**,1000,XXXX-023.910-**-1000
|23.xc EXTENDED COVERED PATIO     ,3,,COVPX,23.xc,EXTENDED COVERED PATIO     ,1000,Framing,XXXX-23.xc-1000,023.920,**,1000,XXXX-023.920-**-1000
|24.00 DECK FRAMING      ,3,,WO,24.00,DECK FRAMING      ,1000,Framing,XXXX-24-1000,024.000,**,1000,XXXX-024.000-**-1000
|24.10 DECK FRAMING      ,3,,DECK,24.10,DECK FRAMING      ,1000,Framing,XXXX-24.1-1000,024.100,**,1000,XXXX-024.100-**-1000
|24.20 DECK FRAMING      ,3,,DECK2,24.20,DECK FRAMING      ,1000,Framing,XXXX-24.2-1000,024.200,**,1000,XXXX-024.200-**-1000
|24.30 DECK FRAMING      ,3,,DECK3,24.30,DECK FRAMING      ,1000,Framing,XXXX-24.3-1000,024.300,**,1000,XXXX-024.300-**-1000
|24.60 DECK FRAMING @ EXT GRT RM WALKOUT ,3,,"XGREAT, COVD2, WO2",24.60,DECK FRAMING @ EXT GRT RM WALKOUT ,1000,Framing,XXXX-24.6-1000,024.600,**,1000,XXXX-024.600-**-1000
|24.ed EXT DECK FRAMING     ,3,,"COVD2, WO",24.ed,EXT DECK FRAMING     ,1000,Framing,XXXX-24.ed-1000,024.900,**,1000,XXXX-024.900-**-1000
|24.sr DECK FRAMING @ SUNROOM    ,3,,"SUN, COVD1SN, SUNWO",24.sr,DECK FRAMING @ SUNROOM    ,1000,Framing,XXXX-24.sr-1000,024.910,**,1000,XXXX-024.910-**-1000
|24.sr DECK FRAMING @ SUNROOM    ,3,,"COVD1SN, SUNWO",24.sr,DECK FRAMING @ SUNROOM    ,1000,Framing,XXXX-24.sr-1000,024.910,**,1000,XXXX-024.910-**-1000
|25.10 COVERED DECK      ,3,,COVD,25.10,COVERED DECK      ,1000,Framing,XXXX-25.1-1000,025.100,**,1000,XXXX-025.100-**-1000
|25.10 COVERED DECK FRAMING     ,3,,COVD,25.10,COVERED DECK FRAMING     ,1000,Framing,XXXX-25.1-1000,025.100,**,1000,XXXX-025.100-**-1000
|25.1s COVERED DECK STAIR FRAMING    ,3,,COVD,25.1s,COVERED DECK STAIR FRAMING    ,1000,Framing,XXXX-25.1s-1000,025.101,**,1000,XXXX-025.101-**-1000
|25.20 COVERED DECK FRAMING     ,3,,COVD2,25.20,COVERED DECK FRAMING     ,1000,Framing,XXXX-25.2-1000,025.200,**,1000,XXXX-025.200-**-1000
|25.30 COVERED DECK FRAMING     ,3,,COVD3,25.30,COVERED DECK FRAMING     ,1000,Framing,XXXX-25.3-1000,025.300,**,1000,XXXX-025.300-**-1000
|25.tc DECK FRAMING      ,3,,TALLCRWL,25.tc,DECK FRAMING      ,1000,Framing,XXXX-25.tc-1000,025.900,**,1000,XXXX-025.900-**-1000
|27.00 MAIN FLOOR SHAFTLINER     ,3,A,,27.00,MAIN FLOOR SHAFTLINER     ,1000,Framing,XXXX-27-1000,027.000,A,1000,XXXX-027.000-A-1000
|30.00 2ND FLOOR SYSTEM     ,3,,,30.00,2ND FLOOR SYSTEM     ,1000,Framing,XXXX-30-1000,030.000,**,1000,XXXX-030.000-**-1000
|30.00 2ND FLOOR SYSTEM|     ,3,,,30.00,2ND FLOOR SYSTEM|     ,1000,Framing,XXXX-30-1000,030.000,**,1000,XXXX-030.000-**-1000
|30.21 OPT DBA DELUXE MASTER BATH 1  ,3,,DBA,30.21,OPT DBA DELUXE MASTER BATH 1  ,1000,Framing,XXXX-30.21-1000,030.210,**,1000,XXXX-030.210-**-1000
|30.22 OPT DBA2 DELUXE MASTER BATH 2  ,3,,DBA2,30.22,OPT DBA2 DELUXE MASTER BATH 2  ,1000,Framing,XXXX-30.22-1000,030.220,**,1000,XXXX-030.220-**-1000
|30.62 OPT LOFT2 2ND FLOOR SYSTEM (SHIP WITH MAIN,3,,LOFT2,30.62,OPT LOFT2 2ND FLOOR SYSTEM (SHIP WITH MAIN,1000,Framing,XXXX-30.62-1000,030.620,**,1000,XXXX-030.620-**-1000
|30.nl 2ND FLOOR SYSTEM (SHIP WITH MAIN WALLS ,3,"A, B, C",,30.nl,2ND FLOOR SYSTEM (SHIP WITH MAIN WALLS ,1000,Framing,XXXX-30.nl-1000,030.000,ABC,1000,XXXX-030.000-ABC-1000
|30.00 2ND FLOOR SYSTEM     ,3,"B, C, D",,30.00,2ND FLOOR SYSTEM     ,1000,Framing,XXXX-30-1000,030.000,BCD,1000,XXXX-030.000-BCD-1000
|32.00 2ND FLOOR SUBFLOOR     ,4,,,32.00,2ND FLOOR SUBFLOOR     ,1000,Framing,XXXX-32-1000,032.000,**,1000,XXXX-032.000-**-1000
|32.62 OPT LOFT2 2ND FLOOR SUBFLOOR   ,4,,LOFT2,32.62,OPT LOFT2 2ND FLOOR SUBFLOOR   ,1000,Framing,XXXX-32.62-1000,032.620,**,1000,XXXX-032.620-**-1000
|32.lo 2ND FLOOR DECKING     ,4,,LOFT,32.lo,2ND FLOOR DECKING     ,1000,Framing,XXXX-32.lo-1000,032.000,**,1000,XXXX-032.000-**-1000
|32.00 2ND FLOOR SUBFLOOR     ,4,"B, C, D",,32.00,2ND FLOOR SUBFLOOR     ,1000,Framing,XXXX-32-1000,032.000,BCD,1000,XXXX-032.000-BCD-1000
|34.00 2ND FLOOR DECKING & WALLS   ,4,,,34.00,2ND FLOOR DECKING & WALLS   ,1000,Framing,XXXX-34-1000,034.000,**,1000,XXXX-034.000-**-1000
|34.10 LAUNDRY ROOM WINDOW     ,4,,,34.10,LAUNDRY ROOM WINDOW     ,1000,Framing,XXXX-34.1-1000,034.100,**,1000,XXXX-034.100-**-1000
|34.10 OPT BATHROOM 2 WINDOW    ,4,,,34.10,OPT BATHROOM 2 WINDOW    ,1000,Framing,XXXX-34.1-1000,034.100,**,1000,XXXX-034.100-**-1000
|34.11 OPT MASTER BEDROOM WINDOW(S)    ,4,,WDWMBR,34.11,OPT MASTER BEDROOM WINDOW(S)    ,1000,Framing,XXXX-34.11-1000,034.110,**,1000,XXXX-034.110-**-1000
|34.14 OPT BEDROOM 2 WINDOW    ,4,,WDWBR2,34.14,OPT BEDROOM 2 WINDOW    ,1000,Framing,XXXX-34.14-1000,034.140,**,1000,XXXX-034.140-**-1000
|34.15 OPT BEDROOM 3 WINDOW    ,4,,WDWBR3,34.15,OPT BEDROOM 3 WINDOW    ,1000,Framing,XXXX-34.15-1000,034.150,**,1000,XXXX-034.150-**-1000
|34.16 OPT BATHROOM 2 WINDOW    ,4,,WDWBA2,34.16,OPT BATHROOM 2 WINDOW    ,1000,Framing,XXXX-34.16-1000,034.160,**,1000,XXXX-034.160-**-1000
|34.21 OPT DBA DELUXE MASTER BATH 1  ,4,,DBA,34.21,OPT DBA DELUXE MASTER BATH 1  ,1000,Framing,XXXX-34.21-1000,034.210,**,1000,XXXX-034.210-**-1000
|34.22 OPT DBA2 DELUXE MASTER BATH 2  ,4,,DBA2,34.22,OPT DBA2 DELUXE MASTER BATH 2  ,1000,Framing,XXXX-34.22-1000,034.220,**,1000,XXXX-034.220-**-1000
|34.23 OPT DELUXE MBA1     ,4,,,34.23,OPT DELUXE MBA1     ,1000,Framing,XXXX-34.23-1000,034.230,**,1000,XXXX-034.230-**-1000
|34.24 OPT BEDROOM 4     ,4,,ABR4,34.24,OPT BEDROOM 4     ,1000,Framing,XXXX-34.24-1000,034.240,**,1000,XXXX-034.240-**-1000
|34.24 OPT BEDROOM 4     ,4,"B, C, D",,34.24,OPT BEDROOM 4     ,1000,Framing,XXXX-34.24-1000,034.240,BCD,1000,XXXX-034.240-BCD-1000
|34.25 OPT BEDROOM 5     ,4,,ABR5,34.25,OPT BEDROOM 5     ,1000,Framing,XXXX-34.25-1000,034.250,**,1000,XXXX-034.250-**-1000
|34.25 OPT BEDROOM 5     ,4,,ABR5BA3,34.25,OPT BEDROOM 5     ,1000,Framing,XXXX-34.25-1000,034.250,**,1000,XXXX-034.250-**-1000
|34.25 OPT BEDROOM 5     ,4,,ABR5BA4,34.25,OPT BEDROOM 5     ,1000,Framing,XXXX-34.25-1000,034.250,**,1000,XXXX-034.250-**-1000
|34.26 OPT BEDROOM 6     ,4,,ABR6,34.26,OPT BEDROOM 6     ,1000,Framing,XXXX-34.26-1000,034.260,**,1000,XXXX-034.260-**-1000
|34.26 OPT BEDROOM 6 W/ BATHROOM   ,4,,ABR6,34.26,OPT BEDROOM 6 W/ BATHROOM   ,1000,Framing,XXXX-34.26-1000,034.260,**,1000,XXXX-034.260-**-1000
|34.27 OPT MBR SITTING     ,4,,SITTING,34.27,OPT MBR SITTING     ,1000,Framing,XXXX-34.27-1000,034.270,**,1000,XXXX-034.270-**-1000
|34.61 LOFT BECOMES BEDROOM     ,4,,,34.61,LOFT BECOMES BEDROOM     ,1000,Framing,XXXX-34.61-1000,034.610,**,1000,XXXX-034.610-**-1000
|34.62 OPT LOFT2 2ND FLOOR WALLS   ,4,,LOFT2,34.62,OPT LOFT2 2ND FLOOR WALLS   ,1000,Framing,XXXX-34.62-1000,034.620,**,1000,XXXX-034.620-**-1000
|34.80 OPT RETREAT      ,4,,,34.80,OPT RETREAT      ,1000,Framing,XXXX-34.8-1000,034.800,**,1000,XXXX-034.800-**-1000
|34.80 OPT RETREAT      ,4,"B, C, D",,34.80,OPT RETREAT      ,1000,Framing,XXXX-34.8-1000,034.800,BCD,1000,XXXX-034.800-BCD-1000
|34.lp 2ND FLOOR WALLS (LOFT)    ,4,"A, B, C",,34.lp,2ND FLOOR WALLS (LOFT)    ,1000,Framing,XXXX-34.lp-1000,034.000,ABC,1000,XXXX-034.000-ABC-1000
|34.nl 2ND FLOOR WALLS (NO LOFT)   ,4,"A, B, C",,34.nl,2ND FLOOR WALLS (NO LOFT)   ,1000,Framing,XXXX-34.nl-1000,034.000,ABC,1000,XXXX-034.000-ABC-1000
|34.9t 2ND FLOOR WALLS 9'    ,4,,,34.9t,2ND FLOOR WALLS 9'    ,1000,Framing,XXXX-34.9t-1000,034.900,**,1000,XXXX-034.900-**-1000
|34.9t 2ND WALLS 9' CEILING    ,4,,92L,34.9t,2ND WALLS 9' CEILING    ,1000,Framing,XXXX-34.9t-1000,034.900,**,1000,XXXX-034.900-**-1000
|34.00 2ND FLOOR WALLS     ,4,"B, C, D",,34.00,2ND FLOOR WALLS     ,1000,Framing,XXXX-34-1000,034.000,BCD,1000,XXXX-034.000-BCD-1000
|34.00 2ND FLOOR WALLS     ,4,C,,34.00,2ND FLOOR WALLS     ,1000,Framing,XXXX-34-1000,034.000,C,1000,XXXX-034.000-C-1000
|34.00 2ND FLOOR WALLS     ,4,D,,34.00,2ND FLOOR WALLS     ,1000,Framing,XXXX-34-1000,034.000,D,1000,XXXX-034.000-D-1000
|34.rf 2ND FLOOR WALLS READYFRAME    ,4,"B, C",,34.rf,2ND FLOOR WALLS READYFRAME    ,1000,Framing,XXXX-34.rf-1000,034.000,BC,1000,XXXX-034.000-BC-1000
|34.rf 2ND FLOOR WALLS READYFRAME    ,4,"B, C, D",,34.rf,2ND FLOOR WALLS READYFRAME    ,1000,Framing,XXXX-34.rf-1000,034.000,BCD,1000,XXXX-034.000-BCD-1000
|34.rf 2ND FLOOR WALLS READYFRAME    ,4,D,,34.rf,2ND FLOOR WALLS READYFRAME    ,1000,Framing,XXXX-34.rf-1000,034.000,D,1000,XXXX-034.000-D-1000
|40.00 ROOF       ,5,,,40.00,ROOF       ,1000,Framing,XXXX-40-1000,040.000,**,1000,XXXX-040.000-**-1000
|40.60 EXTENDED GREAT ROOM ROOF    ,5,,"XGREAT, WO2",40.60,EXTENDED GREAT ROOM ROOF    ,1000,Framing,XXXX-40.6-1000,040.600,**,1000,XXXX-040.600-**-1000
|40.61 ROOF SUNROOM      ,5,,SUN,40.61,ROOF SUNROOM      ,1000,Framing,XXXX-40.61-1000,040.610,**,1000,XXXX-040.610-**-1000
|40.80 OPT BUILD-OUT ROOF,5,"A, C, D",,40.80,OPT BUILD-OUT ROOF,1000,Framing,XXXX-40.8-1000,040.800,ACD,1000,XXXX-040.800-ACD-1000
|40.00 ROOF       ,5,B,,40.00,ROOF       ,1000,Framing,XXXX-40-1000,040.000,B,1000,XXXX-040.000-B-1000
|40.00 ROOF       ,5,"B, C",,40.00,ROOF       ,1000,Framing,XXXX-40-1000,040.000,BC,1000,XXXX-040.000-BC-1000
|40.00 ROOF       ,5,"B, C, D",,40.00,ROOF       ,1000,Framing,XXXX-40-1000,040.000,BCD,1000,XXXX-040.000-BCD-1000
|40.00 ROOF       ,5,C,,40.00,ROOF       ,1000,Framing,XXXX-40-1000,040.000,C,1000,XXXX-040.000-C-1000
|40.00 ROOF       ,5,D,,40.00,ROOF       ,1000,Framing,XXXX-40-1000,040.000,D,1000,XXXX-040.000-D-1000
|40.gs ROOF GABLE SHEETING     ,5,,,40.gs,ROOF GABLE SHEETING     ,1000,Framing,XXXX-40.gs-1000,040.000,**,1000,XXXX-040.000-**-1000
|40.gs ROOF GABLE SHEETING     ,5,,,40.gs,ROOF GABLE SHEETING     ,1000,Framing,XXXX-40.gs-1000,040.000,**,1000,XXXX-040.000-**-1000
|42.40 OPT 4 CAR GARAGE TANDEM ROOF  ,5,"A, B","3CARTA, 3CARTB",42.40,OPT 4 CAR GARAGE TANDEM ROOF  ,1000,Framing,XXXX-42.4-1000,042.400,AB,1000,XXXX-042.400-AB-1000
|42.40 OPT 4 CAR GARAGE TANDEM ROOF  ,5,C,3CARTC,42.40,OPT 4 CAR GARAGE TANDEM ROOF  ,1000,Framing,XXXX-42.4-1000,042.400,C,1000,XXXX-042.400-C-1000
|42.4x OPT 2 CAR GARAGE 4' EXT ROOF ,5,,2CAR4XA,42.4x,OPT 2 CAR GARAGE 4' EXT ROOF ,1000,Framing,XXXX-42.4x-1000,042.040,**,1000,XXXX-042.040-**-1000
|42.4x OPT 2 CAR GARAGE 4' EXT ROOF ,5,,2CAR4XB,42.4x,OPT 2 CAR GARAGE 4' EXT ROOF ,1000,Framing,XXXX-42.4x-1000,042.040,**,1000,XXXX-042.040-**-1000
|42.4x OPT 2 CAR GARAGE 4' EXT ROOF ,5,,2CAR4XC,42.4x,OPT 2 CAR GARAGE 4' EXT ROOF ,1000,Framing,XXXX-42.4x-1000,042.040,**,1000,XXXX-042.040-**-1000
|42.4x OPT 2 CAR GARAGE 4' EXT ROOF ,5,"A, B","2CAR4XA, 2CAR4XB",42.4x,OPT 2 CAR GARAGE 4' EXT ROOF ,1000,Framing,XXXX-42.4x-1000,042.040,AB,1000,XXXX-042.040-AB-1000
|42.4x OPT 2 CAR GARAGE 4' EXT ROOF ,5,C,2CAR4XC,42.4x,OPT 2 CAR GARAGE 4' EXT ROOF ,1000,Framing,XXXX-42.4x-1000,042.040,C,1000,XXXX-042.040-C-1000
|42.5x OPT 2 CAR GARAGE 5' EXT ROOF ,5,"A, B","2CAR5XA, 2CAR5XB",42.5x,OPT 2 CAR GARAGE 5' EXT ROOF ,1000,Framing,XXXX-42.5x-1000,042.050,AB,1000,XXXX-042.050-AB-1000
|42.5x OPT 2 CAR GARAGE 5' EXT ROOF ,5,C,2CAR5XC,42.5x,OPT 2 CAR GARAGE 5' EXT ROOF ,1000,Framing,XXXX-42.5x-1000,042.050,C,1000,XXXX-042.050-C-1000
|42.00 OPT 3RD CAR GARAGE ROOF   ,5,A,3CARA,42.00,OPT 3RD CAR GARAGE ROOF   ,1000,Framing,XXXX-42-1000,042.000,A,1000,XXXX-042.000-A-1000
|42.00 OPT 3RD CAR GARAGE ROOF   ,5,"A, B","3CARA, 3CARB",42.00,OPT 3RD CAR GARAGE ROOF   ,1000,Framing,XXXX-42-1000,042.000,AB,1000,XXXX-042.000-AB-1000
|42.00 3RD CAR GARAGE ROOF    ,5,"B, C, D",,42.00,3RD CAR GARAGE ROOF    ,1000,Framing,XXXX-42-1000,042.000,BCD,1000,XXXX-042.000-BCD-1000
|42.00 3RD CAR GARAGE ROOF    ,5,"B, D",,42.00,3RD CAR GARAGE ROOF    ,1000,Framing,XXXX-42-1000,042.000,BD,1000,XXXX-042.000-BD-1000
|42.00 3RD CAR GARAGE ROOF    ,5,C,,42.00,3RD CAR GARAGE ROOF    ,1000,Framing,XXXX-42-1000,042.000,C,1000,XXXX-042.000-C-1000
|43.00 COVERED PATIO ROOF     ,5,,COVP,43.00,COVERED PATIO ROOF     ,1000,Framing,XXXX-43-1000,043.000,**,1000,XXXX-043.000-**-1000
|43.10 OPT COVERED PATIO 1 ROOF   ,5,,,43.10,OPT COVERED PATIO 1 ROOF   ,1000,Framing,XXXX-43.1-1000,043.100,**,1000,XXXX-043.100-**-1000
|43.20 OPT COVERED PATIO 2 ROOF   ,5,,,43.20,OPT COVERED PATIO 2 ROOF   ,1000,Framing,XXXX-43.2-1000,043.200,**,1000,XXXX-043.200-**-1000
|43.30 OPT COVERED PATIO 2 ROOF   ,5,,"COVD3, COVP3",43.30,OPT COVERED PATIO 2 ROOF   ,1000,Framing,XXXX-43.3-1000,043.300,**,1000,XXXX-043.300-**-1000
|43.61 SUNROOM COVERED PATIO ROOF    ,5,,COVPSN1,43.61,SUNROOM COVERED PATIO ROOF    ,1000,Framing,XXXX-43.61-1000,043.610,**,1000,XXXX-043.610-**-1000
|43.sr COVERED PATIO @ SUNROOM ROOF   ,5,"A, B, C","COVPSN1, COVD1SN",43.sr,COVERED PATIO @ SUNROOM ROOF   ,1000,Framing,XXXX-43.sr-1000,043.910,ABC,1000,XXXX-043.910-ABC-1000
|43.xc EXTENDED COVERED PATIO ROOF    ,5,,COVPX,43.xc,EXTENDED COVERED PATIO ROOF    ,1000,Framing,XXXX-43.xc-1000,043.920,**,1000,XXXX-043.920-**-1000
|45.00 EXT COVERED PATIO     ,5,,,45.00,EXT COVERED PATIO     ,1000,Framing,XXXX-45-1000,045.000,**,1000,XXXX-045.000-**-1000
|45.10 OPT COVERED DECK ROOF    ,5,,COVD,45.10,OPT COVERED DECK ROOF    ,1000,Framing,XXXX-45.1-1000,045.100,**,1000,XXXX-045.100-**-1000
|45.20 OPT COVERED DECK 2 ROOF   ,5,,COVD2,45.20,OPT COVERED DECK 2 ROOF   ,1000,Framing,XXXX-45.2-1000,045.200,**,1000,XXXX-045.200-**-1000
|45.30 OPT COVERED DECK ROOF    ,5,,COVD3,45.30,OPT COVERED DECK ROOF    ,1000,Framing,XXXX-45.3-1000,045.300,**,1000,XXXX-045.300-**-1000
|58.00 HOUSEWRAP       ,6,,,58.00,HOUSEWRAP       ,1100,Siding,XXXX-58-1100,058.000,**,2100,XXXX-058.000-**-2100
|58.00 HOUSEWRAP       ,6,"B, C, D",,58.00,HOUSEWRAP       ,1100,Siding,XXXX-58-1100,058.000,BCD,2100,XXXX-058.000-BCD-2100
|58.00 HOUSEWRAP       ,6,"C, D",,58.00,HOUSEWRAP       ,1100,Siding,XXXX-58-1100,058.000,CD,2100,XXXX-058.000-CD-2100
|60.02 OPT GREAT ROOM WINDOWS SIDING   ,7,,WDWGREAT,60.02,OPT GREAT ROOM WINDOWS SIDING   ,1100,Siding,XXXX-60.02-1100,060.020,**,2100,XXXX-060.020-**-2100
|60.02 OPT ALT GREAT ROOM WINDOWS W/ FIREPLACE ,7,,WDWGRALT,60.02,OPT ALT GREAT ROOM WINDOWS W/ FIREPLACE ,1100,Siding,XXXX-60.02-1100,060.020,**,2100,XXXX-060.020-**-2100
|60.0x OPT GREAT ROOM WINDOW(S) @ EXT GRT RM,7,,WDWGRTX,60.0x,OPT GREAT ROOM WINDOW(S) @ EXT GRT RM,1100,Siding,XXXX-60.0x-1100,060.000,**,2100,XXXX-060.000-**-2100
|60.11 OPT MASTER BEDROOM WINDOWS SIDING   ,7,,WDWMBR,60.11,OPT MASTER BEDROOM WINDOWS SIDING   ,1100,Siding,XXXX-60.11-1100,060.110,**,2100,XXXX-060.110-**-2100
|60.12 OPT CENTER MEET DOOR SIDING   ,7,,MSLIDE1,60.12,OPT CENTER MEET DOOR SIDING   ,1100,Siding,XXXX-60.12-1100,060.120,**,2100,XXXX-060.120-**-2100
|60.13 OPT 12' MULTI     ,7,,"SLIDE DOOR SIDING, MSLIDE2",60.13,OPT 12' MULTI     ,1100,Siding,XXXX-60.13-1100,060.130,**,2100,XXXX-060.130-**-2100
|60.14 OPT BEDROOM 2 WINDOW SIDING   ,7,,WDWBR2,60.14,OPT BEDROOM 2 WINDOW SIDING   ,1100,Siding,XXXX-60.14-1100,060.140,**,2100,XXXX-060.140-**-2100
|60.15 OPT BEDROOM 3 WINDOW SIDING   ,7,,WDWBR3,60.15,OPT BEDROOM 3 WINDOW SIDING   ,1100,Siding,XXXX-60.15-1100,060.150,**,2100,XXXX-060.150-**-2100
|60.16 OPT BEDROOM 4 WINDOW SIDING   ,7,,WDWBR4,60.16,OPT BEDROOM 4 WINDOW SIDING   ,1100,Siding,XXXX-60.16-1100,060.160,**,2100,XXXX-060.160-**-2100
|60.17 OPT BEDROOM 5 WINDOW SIDING   ,7,,WDWBR5,60.17,OPT BEDROOM 5 WINDOW SIDING   ,1100,Siding,XXXX-60.17-1100,060.170,**,2100,XXXX-060.170-**-2100
|60.19 OPT STUDY WINDOW SIDING    ,7,,WDWSTUDY,60.19,OPT STUDY WINDOW SIDING    ,1100,Siding,XXXX-60.19-1100,060.190,**,2100,XXXX-060.190-**-2100
|60.21 OPT DBA DELUXE MASTER BATH 1 SIDING ,7,,DBA,60.21,OPT DBA DELUXE MASTER BATH 1 SIDING ,1100,Siding,XXXX-60.21-1100,060.210,**,2100,XXXX-060.210-**-2100
|60.22 OPT DBA2 DELUXE MASTER BATH 2 SIDING ,7,,DBA2,60.22,OPT DBA2 DELUXE MASTER BATH 2 SIDING ,1100,Siding,XXXX-60.22-1100,060.220,**,2100,XXXX-060.220-**-2100
|60.24 OPT BEDROOM 4 SIDING    ,7,,ABR4BA,60.24,OPT BEDROOM 4 SIDING    ,1100,Siding,XXXX-60.24-1100,060.240,**,2100,XXXX-060.240-**-2100
|60.27 OPT MBR SITTING SIDING    ,7,,SITTING,60.27,OPT MBR SITTING SIDING    ,1100,Siding,XXXX-60.27-1100,060.270,**,2100,XXXX-060.270-**-2100
|60.6x EXTENDED GREAT ROOM SIDING    ,7,,"XGREAT, WO2",60.6x,EXTENDED GREAT ROOM SIDING    ,1100,Siding,XXXX-60.6x-1100,060.060,**,2100,XXXX-060.060-**-2100
|60.61 SIDING SUNROOM      ,7,,SUN,60.61,SIDING SUNROOM      ,1100,Siding,XXXX-60.61-1100,060.610,**,2100,XXXX-060.610-**-2100
|60.80 OPT BUILD-OUT ROOF,7,,OPT BUILD-OUT SIDING,60.80,OPT BUILD      ,1100,Siding,XXXX-60.8-1100,060.800,**,2100,XXXX-060.800-**-2100
|60.pr PORCH RAIL      ,7,,PORRAIL,60.pr,PORCH RAIL      ,1100,Siding,XXXX-60.pr-1100,060.000,**,2100,XXXX-060.000-**-2100
|60.pw EXTERIOR POST WRAP     ,7 or 8,A,,60.pw,EXTERIOR POST WRAP     ,1100,Siding,XXXX-60.pw-1100,060.900,A,2100,XXXX-060.900-A-2100
|60.tc SIDING       ,7,,TLLCRWL,60.tc,SIDING       ,1100,Siding,XXXX-60.tc-1100,060.900,**,2100,XXXX-060.900-**-2100
|60.00 EXTERIOR TRIM AND SIDING    ,7,B,,60.00,EXTERIOR TRIM AND SIDING    ,1100,Siding,XXXX-60-1100,060.000,B,2100,XXXX-060.000-B-2100
|60.00 EXTERIOR TRIM AND SIDING    ,7,"B, C, D",,60.00,EXTERIOR TRIM AND SIDING    ,1100,Siding,XXXX-60-1100,060.000,BCD,2100,XXXX-060.000-BCD-2100
|60.00 EXTERIOR TRIM AND SIDING    ,7,C,,60.00,EXTERIOR TRIM AND SIDING    ,1100,Siding,XXXX-60-1100,060.000,C,2100,XXXX-060.000-C-2100
|60.00 EXTERIOR TRIM AND SIDING    ,7,D,,60.00,EXTERIOR TRIM AND SIDING    ,1100,Siding,XXXX-60-1100,060.000,D,2100,XXXX-060.000-D-2100
|60.ec EXTERIOR TRIM AND SIDING CORNER ENHANCED  ,7,,,60.ec,EXTERIOR TRIM AND SIDING CORNER ENHANCED  ,1100,Siding,XXXX-60.ec-1100,060.000,**,2100,XXXX-060.000-**-2100
|60.ec EXTERIOR TRIM AND SIDING CORNER ENHANCED  ,7,,,60.ec,EXTERIOR TRIM AND SIDING CORNER ENHANCED  ,1100,Siding,XXXX-60.ec-1100,060.000,**,2100,XXXX-060.000-**-2100
|60.ec EXTERIOR TRIM AND SIDING CORNER ENHANCED  ,7,,,60.ec,EXTERIOR TRIM AND SIDING CORNER ENHANCED  ,1100,Siding,XXXX-60.ec-1100,060.000,**,2100,XXXX-060.000-**-2100
|60.er EXTERIOR TRIM AND SIDING REAR ENHANCED  ,7,,,60.er,EXTERIOR TRIM AND SIDING REAR ENHANCED  ,1100,Siding,XXXX-60.er-1100,060.000,**,2100,XXXX-060.000-**-2100
|60.er EXTERIOR TRIM AND SIDING REAR ENHANCED  ,7,,,60.er,EXTERIOR TRIM AND SIDING REAR ENHANCED  ,1100,Siding,XXXX-60.er-1100,060.000,**,2100,XXXX-060.000-**-2100
|60.er EXTERIOR TRIM AND SIDING REAR ENHANCED  ,7,,,60.er,EXTERIOR TRIM AND SIDING REAR ENHANCED  ,1100,Siding,XXXX-60.er-1100,060.000,**,2100,XXXX-060.000-**-2100
|60.fw FAUX WOOD      ,7,,,60.fw,FAUX WOOD      ,1100,Siding,XXXX-60.fw-1100,060.000,**,2100,XXXX-060.000-**-2100
|60.ma EXTERIOR TRIM AND SIDING MASONRY   ,7,,,60.ma,EXTERIOR TRIM AND SIDING MASONRY   ,1100,Siding,XXXX-60.ma-1100,060.000,**,2100,XXXX-060.000-**-2100
|60.pw EXTERIOR POST WRAP     ,7 or 8,,,60.pw,EXTERIOR POST WRAP     ,1100,Siding,XXXX-60.pw-1100,060.900,**,2100,XXXX-060.900-**-2100
|62.40 4 CAR GARAGE TANDEM SIDING AND TRIM ,7,A,3CARTA,62.40,4 CAR GARAGE TANDEM SIDING AND TRIM ,1100,Siding,XXXX-62.4-1100,062.400,A,2100,XXXX-062.400-A-2100
|62.40 4 CAR GARAGE TANDEM SIDING AND TRIM ,7,B,3CARTB,62.40,4 CAR GARAGE TANDEM SIDING AND TRIM ,1100,Siding,XXXX-62.4-1100,062.400,B,2100,XXXX-062.400-B-2100
|62.40 4 CAR GARAGE TANDEM SIDING AND TRIM ,7,C,3CARTC,62.40,4 CAR GARAGE TANDEM SIDING AND TRIM ,1100,Siding,XXXX-62.4-1100,062.400,C,2100,XXXX-062.400-C-2100
|62.4x OPT 2 CAR GARAGE 4' EXT SIDING AND,7,,2CAR4XA,62.4x,OPT 2 CAR GARAGE 4' EXT SIDING AND,1100,Siding,XXXX-62.4x-1100,062.040,**,2100,XXXX-062.040-**-2100
|62.4x OPT 2 CAR GARAGE 4' EXT SIDING AND,7,,2CAR4XB,62.4x,OPT 2 CAR GARAGE 4' EXT SIDING AND,1100,Siding,XXXX-62.4x-1100,062.040,**,2100,XXXX-062.040-**-2100
|62.4x OPT 2 CAR GARAGE 4' EXT SIDING AND,7,,2CAR4XC,62.4x,OPT 2 CAR GARAGE 4' EXT SIDING AND,1100,Siding,XXXX-62.4x-1100,062.040,**,2100,XXXX-062.040-**-2100
|62.4x OPT 2 CAR GARAGE 4' EXT SIDING AND,7,A,2CAR4XA,62.4x,OPT 2 CAR GARAGE 4' EXT SIDING AND,1100,Siding,XXXX-62.4x-1100,062.040,A,2100,XXXX-062.040-A-2100
|62.5x 2 CAR GARAGE 5' EXT. SIDING AND TRIM,7,A,2CAR5XA,62.5x,2 CAR GARAGE 5' EXT. SIDING AND TRIM,1100,Siding,XXXX-62.5x-1100,062.050,A,2100,XXXX-062.050-A-2100
|62.5x 2 CAR GARAGE 5' EXT. SIDING AND TRIM,7,B,2CAR5XB,62.5x,2 CAR GARAGE 5' EXT. SIDING AND TRIM,1100,Siding,XXXX-62.5x-1100,062.050,B,2100,XXXX-062.050-B-2100
|62.5x 2 CAR GARAGE 5' EXT. SIDING AND TRIM,7,C,2CAR5XC,62.5x,2 CAR GARAGE 5' EXT. SIDING AND TRIM,1100,Siding,XXXX-62.5x-1100,062.050,C,2100,XXXX-062.050-C-2100
|62.4x OPT 2 CAR GARAGE 4' EXT SIDING AND,7,,2CAR4XB,62.4x,OPT 2 CAR GARAGE 4' EXT SIDING AND,1100,Siding,XXXX-62.4x-1100,062.040,**,2100,XXXX-062.040-**-2100
|62.4x OPT 2 CAR GARAGE 4' EXT SIDING AND,7,,2CAR4XC,62.4x,OPT 2 CAR GARAGE 4' EXT SIDING AND,1100,Siding,XXXX-62.4x-1100,062.040,**,2100,XXXX-062.040-**-2100
|62.00 3RD CAR GARAGE SIDING AND TRIM  ,7,A,3CARA,62.00,3RD CAR GARAGE SIDING AND TRIM  ,1100,Siding,XXXX-62-1100,062.000,A,2100,XXXX-062.000-A-2100
|62.00 OPT 3CAR EXTERIOR TRIM AND SIDING  ,7,A,3CARA,62.00,OPT 3CAR EXTERIOR TRIM AND SIDING  ,1100,Siding,XXXX-62-1100,062.000,A,2100,XXXX-062.000-A-2100
|62.00 3RD CAR GARAGE SIDING AND TRIM  ,7,B,,62.00,3RD CAR GARAGE SIDING AND TRIM  ,1100,Siding,XXXX-62-1100,062.000,B,2100,XXXX-062.000-B-2100
|62.00 3RD CAR GARAGE SIDING AND TRIM  ,7,B,3CARB,62.00,3RD CAR GARAGE SIDING AND TRIM  ,1100,Siding,XXXX-62-1100,062.000,B,2100,XXXX-062.000-B-2100
|62.00 3RD CAR GARAGE SIDING AND TRIM  ,7,B,3CARB,62.00,3RD CAR GARAGE SIDING AND TRIM  ,1100,Siding,XXXX-62-1100,062.000,B,2100,XXXX-062.000-B-2100
|62.00 3RD CAR GARAGE SIDING AND TRIM  ,7,B,3CARB,62.00,3RD CAR GARAGE SIDING AND TRIM  ,1100,Siding,XXXX-62-1100,062.000,B,2100,XXXX-062.000-B-2100
|62.00 OPT 3CAR EXTERIOR TRIM AND SIDING  ,7,B,3CARB,62.00,OPT 3CAR EXTERIOR TRIM AND SIDING  ,1100,Siding,XXXX-62-1100,062.000,B,2100,XXXX-062.000-B-2100
|62.00 3RD CAR GARAGE SIDING AND TRIM  ,7,"B, C, D",,62.00,3RD CAR GARAGE SIDING AND TRIM  ,1100,Siding,XXXX-62-1100,062.000,BCD,2100,XXXX-062.000-BCD-2100
|62.00 3RD CAR GARAGE SIDING AND TRIM  ,7,"B, D",,62.00,3RD CAR GARAGE SIDING AND TRIM  ,1100,Siding,XXXX-62-1100,062.000,BD,2100,XXXX-062.000-BD-2100
|62.00 3RD CAR GARAGE SIDING AND TRIM  ,7,C,,62.00,3RD CAR GARAGE SIDING AND TRIM  ,1100,Siding,XXXX-62-1100,062.000,C,2100,XXXX-062.000-C-2100
|62.00 3RD CAR GARAGE SIDING AND TRIM  ,7,C,3CARC,62.00,3RD CAR GARAGE SIDING AND TRIM  ,1100,Siding,XXXX-62-1100,062.000,C,2100,XXXX-062.000-C-2100
|62.00 3RD CAR GARAGE SIDING AND TRIM  ,7,C,3CARC,62.00,3RD CAR GARAGE SIDING AND TRIM  ,1100,Siding,XXXX-62-1100,062.000,C,2100,XXXX-062.000-C-2100
|62.00 OPT 3CAR EXTERIOR TRIM AND SIDING  ,7,C,3CARC,62.00,OPT 3CAR EXTERIOR TRIM AND SIDING  ,1100,Siding,XXXX-62-1100,062.000,C,2100,XXXX-062.000-C-2100
|62.00 3RD CAR GARAGE SIDING AND TRIM  ,7,D,,62.00,3RD CAR GARAGE SIDING AND TRIM  ,1100,Siding,XXXX-62-1100,062.000,D,2100,XXXX-062.000-D-2100
|62.2x        ,7,,2CAR4XA,62.2x,       ,1100,Siding,XXXX-62.2x-1100,062.020,**,2100,XXXX-062.020-**-2100
|62.2x OPT EXTENDED GARAGE SIDING    ,7,,2CAR4XB,62.2x,OPT EXTENDED GARAGE SIDING    ,1100,Siding,XXXX-62.2x-1100,062.020,**,2100,XXXX-062.020-**-2100
|62.2x OPT EXTENDED GARAGE SIDING    ,7,,2CAR4XC,62.2x,OPT EXTENDED GARAGE SIDING    ,1100,Siding,XXXX-62.2x-1100,062.020,**,2100,XXXX-062.020-**-2100
|63.00 COVERED PATIO SIDING     ,7,,COVP,63.00,COVERED PATIO SIDING     ,1100,Siding,XXXX-63-1100,063.000,**,2100,XXXX-063.000-**-2100
|63.10 COVERED DECK PATIO HOUSEWRAP    ,6,,COVP,63.10,COVERED DECK PATIO HOUSEWRAP    ,1100,Siding,XXXX-63.1-1100,063.100,**,2100,XXXX-063.100-**-2100
|63.10 COVERED PATIO 1 SIDING    ,7,,,63.10,COVERED PATIO 1 SIDING    ,1100,Siding,XXXX-63.1-1100,063.100,**,2100,XXXX-063.100-**-2100
|63.10 COVERED PATIO HOUSEWRAP     ,6,,COVP,63.10,COVERED PATIO HOUSEWRAP     ,1100,Siding,XXXX-63.1-1100,063.100,**,2100,XXXX-063.100-**-2100
|63.10 OPT COVERED PATIO 1 SIDING   ,7,,"COVD, COVP",63.10,OPT COVERED PATIO 1 SIDING   ,1100,Siding,XXXX-63.1-1100,063.100,**,2100,XXXX-063.100-**-2100
|63.10 OPT COVERED PATIO 1 SIDING   ,7,"A, B, C","COVP, COVD",63.10,OPT COVERED PATIO 1 SIDING   ,1100,Siding,XXXX-63.1-1100,063.100,ABC,2100,XXXX-063.100-ABC-2100
|63.10 OPT COVERED PATIO SIDING    ,7,,COVP,63.10,OPT COVERED PATIO SIDING    ,1100,Siding,XXXX-63.1-1100,063.100,**,2100,XXXX-063.100-**-2100
|63.1p OPT COVERED PATIO POST WRAP   ,7 or 8,,COVP,63.1p,OPT COVERED PATIO POST WRAP   ,1100,Siding,XXXX-63.1p-1100,063.101,**,2100,XXXX-063.101-**-2100
|63.20 COVERED PATIO 2 SIDING    ,7,,COVP2,63.20,COVERED PATIO 2 SIDING    ,1100,Siding,XXXX-63.2-1100,063.200,**,2100,XXXX-063.200-**-2100
|63.2p COVERED PATIO 2 POST WRAP   ,7 or 8,,"COVD2, COVP2",63.2p,COVERED PATIO 2 POST WRAP   ,1100,Siding,XXXX-63.2p-1100,063.201,**,2100,XXXX-063.201-**-2100
|63.2p COVERED PATIO 2 POST WRAP   ,7 or 8,,COVP2,63.2p,COVERED PATIO 2 POST WRAP   ,1100,Siding,XXXX-63.2p-1100,063.201,**,2100,XXXX-063.201-**-2100
|63.30 OPT COVERED PATIO SIDING    ,7,,COVP3,63.30,OPT COVERED PATIO SIDING    ,1100,Siding,XXXX-63.3-1100,063.300,**,2100,XXXX-063.300-**-2100
|63.3p COVERED PATIO 2 POST WRAP   ,7 or 8,,"COVD3, COVP3",63.3p,COVERED PATIO 2 POST WRAP   ,1100,Siding,XXXX-63.3p-1100,063.301,**,2100,XXXX-063.301-**-2100
|63.3p OPT COVERED PATIO POST WRAP   ,7 or 8,,COVP3,63.3p,OPT COVERED PATIO POST WRAP   ,1100,Siding,XXXX-63.3p-1100,063.301,**,2100,XXXX-063.301-**-2100
|63.61 COVERED PATIO SUNROOM SIDING    ,7,,COVPSN1,63.61,COVERED PATIO SUNROOM SIDING    ,1100,Siding,XXXX-63.61-1100,063.610,**,2100,XXXX-063.610-**-2100
|63.61 COVERED PATIO SUNROOM POST WRAP   ,7 or 8,,COVP,63.61,COVERED PATIO SUNROOM POST WRAP   ,1100,Siding,XXXX-63.61-1100,063.610,**,2100,XXXX-063.610-**-2100
|63.pw COVERED PATIO POST WRAP    ,7,,COVP,63.pw,COVERED PATIO POST WRAP    ,1100,Siding,XXXX-63.pw-1100,063.900,**,2100,XXXX-063.900-**-2100
|63.sr COVERED PATIO @ SUNROOM SIDING   ,7,,"COVPSN1, COVD1SN",63.sr,COVERED PATIO @ SUNROOM SIDING   ,1100,Siding,XXXX-63.sr-1100,063.910,**,2100,XXXX-063.910-**-2100
|63.xc EXTENDED COVERED PATIO SIDING    ,7,,COVPX,63.xc,EXTENDED COVERED PATIO SIDING    ,1100,Siding,XXXX-63.xc-1100,063.920,**,2100,XXXX-063.920-**-2100
|63.xp EXTENDED COVERED PATIO POST WRAP   ,7 or 8,,COVPX,63.xp,EXTENDED COVERED PATIO POST WRAP   ,1100,Siding,XXXX-63.xp-1100,063.921,**,2100,XXXX-063.921-**-2100
|65.10 OPT COVERED DECK SIDING    ,7,,COVD,65.10,OPT COVERED DECK SIDING    ,1100,Siding,XXXX-65.1-1100,065.100,**,2100,XXXX-065.100-**-2100
|65.1p OPT COVERED DECK POST WRAP   ,7 or 8,,COVD,65.1p,OPT COVERED DECK POST WRAP   ,1100,Siding,XXXX-65.1p-1100,065.101,**,2100,XXXX-065.101-**-2100
|65.1p POST WRAP      ,7 or 8,,COVD,65.1p,POST WRAP      ,1100,Siding,XXXX-65.1p-1100,065.101,**,2100,XXXX-065.101-**-2100
|65.20 COVERED DECK 2 SIDING    ,7,,COVD2,65.20,COVERED DECK 2 SIDING    ,1100,Siding,XXXX-65.2-1100,065.200,**,2100,XXXX-065.200-**-2100
|65.2p COVERED DECK 2 POST WRAP   ,7,,COVD2,65.2p,COVERED DECK 2 POST WRAP   ,1100,Siding,XXXX-65.2p-1100,065.201,**,2100,XXXX-065.201-**-2100
|65.2p COVERED DECK POST WRAP    ,7,,COVD2,65.2p,COVERED DECK POST WRAP    ,1100,Siding,XXXX-65.2p-1100,065.201,**,2100,XXXX-065.201-**-2100
|65.30 OPT COVERED DECK SIDING    ,7,,COVD3,65.30,OPT COVERED DECK SIDING    ,1100,Siding,XXXX-65.3-1100,065.300,**,2100,XXXX-065.300-**-2100
|65.3p OPT COVERED DECK POST WRAP   ,7 or 8,,COVD3,65.3p,OPT COVERED DECK POST WRAP   ,1100,Siding,XXXX-65.3p-1100,065.301,**,2100,XXXX-065.301-**-2100
|74.10 DECK SURFACE & RAIL    ,8 or 9,,DECK,74.10,DECK SURFACE & RAIL    ,1100,Siding,XXXX-74.1-1100,074.100,**,2100,XXXX-074.100-**-2100
|74.20 DECK SURFACE & RAIL    ,8 or 9,,DECK2,74.20,DECK SURFACE & RAIL    ,1100,Siding,XXXX-74.2-1100,074.200,**,2100,XXXX-074.200-**-2100
|74.30 DECK SURFACE & RAIL    ,8 or 9,,DECK3,74.30,DECK SURFACE & RAIL    ,1100,Siding,XXXX-74.3-1100,074.300,**,2100,XXXX-074.300-**-2100
|74.60 DECK SURFACE & RAIL @ EXT GRT RM,8 or 9,,"XGREAT, COVD2, WO2",74.60,DECK SURFACE & RAIL @ EXT GRT RM,1100,Siding,XXXX-74.6-1100,074.600,**,2100,XXXX-074.600-**-2100
|74.ed EXT DECK SURFACE & RAIL   ,8 or 9,,"COVD2, WO",74.ed,EXT DECK SURFACE & RAIL   ,1100,Siding,XXXX-74.ed-1100,074.900,**,2100,XXXX-074.900-**-2100
|75.10 DECK SURFACE & RAIL    ,8 or 9,,COVD,75.10,DECK SURFACE & RAIL    ,1100,Siding,XXXX-75.1-1100,075.100,**,2100,XXXX-075.100-**-2100
|75.1s STAIRS SURFACE & RAIL    ,8 or 9,,COVD,75.1s,STAIRS SURFACE & RAIL    ,1100,Siding,XXXX-75.1s-1100,075.101,**,2100,XXXX-075.101-**-2100
|75.20 DECK SURFACE & RAIL    ,8 or 9,,COVD2,75.20,DECK SURFACE & RAIL    ,1100,Siding,XXXX-75.2-1100,075.200,**,2100,XXXX-075.200-**-2100
|75.2s STAIRS SURFACE & RAIL    ,8 or 9,,COVD2,75.2s,STAIRS SURFACE & RAIL    ,1100,Siding,XXXX-75.2s-1100,075.201,**,2100,XXXX-075.201-**-2100
|75.30 DECK SURFACE & RAIL    ,8 or 9,,COVD3,75.30,DECK SURFACE & RAIL    ,1100,Siding,XXXX-75.3-1100,075.300,**,2100,XXXX-075.300-**-2100
|75.tc DECK SURFACE & RAIL    ,8 or 9,,TALLCRWL,75.tc,DECK SURFACE & RAIL    ,1100,Siding,XXXX-75.tc-1100,075.900,**,2100,XXXX-075.900-**-2100
|80.00 TALL CRAWL      ,1,,TALLCRWL,80.00,TALL CRAWL      ,1000,Framing,XXXX-80-1000,080.000,**,1000,XXXX-080.000-**-1000
|90.00 TALL CRAWL SIDING     ,7,,TALLCRWL,90.00,TALL CRAWL SIDING     ,1100,Siding,XXXX-90-1100,090.000,**,2100,XXXX-090.000-**-2100
