Pack ID / Elevation(s) / Pack-Option Name,Pack ID / Elevation(s) / Pack-Option Name Cleaned,Shipping Order/ Pack Number,Elevation,Option,Option/Phase Number,ItemNo,Type,,,Spill Formulas,,,,,,,,,,,ItemNo,Type
|09 WO BASEMENT WALLS - WO,|09 WO BASEMENT WALLS,1,,,WO,4085,Lumber,,,|09 WO BASEMENT WALLS,WO,,,,|09 WO BASEMENT WALLS,,,,|09,WO BASEMENT WALLS,4085,Lumber
|09.2 WO BASEMENT WALLS 2 - WO2,|09.2 WO BASEMENT WALLS 2,1,,WO2,WO2,4085,Lumber,,,|09.2 WO BASEMENT WALLS 2,WO2,,,,|09.2 WO BASEMENT WALLS 2,,,,|09,.2 WO BASEMENT WALLS 2,4085,Lumber
|10 FOUNDATION,|10 FOUNDATION,1,,,,4085,Lumber,,,|10 FOUNDATION,,,,,|10 FOUNDATION,,,,|10,FOUNDATION,4085,Lumber
|10.01 OPT FOUNDATION - FPSING01,|10.01 OPT FOUNDATION,1,,FPSING01,FPSING01,4085,Lumber,,,|10.01 OPT FOUNDATION,FPSING01,,,,|10.01 OPT FOUNDATION,,,,|10,.01 OPT FOUNDATION,4085,Lumber
|10.60x EXTENDED GREAT ROOM FOUNDATION - XGREAT,|10.60x EXTENDED GREAT ROOM FOUNDATION,1,,XGREAT,XGREAT,4085,Lumber,,,|10.60x EXTENDED GREAT ROOM FOUNDATION,XGREAT,,,,|10.60x EXTENDED GREAT ROOM FOUNDATION,,,,|10,.60x EXTENDED GREAT ROOM FOUNDATION,4085,Lumber
|10.61 SUNROOM FOUNDATION - SUN,|10.61 SUNROOM FOUNDATION,1,,SUN,SUN,4085,Lumber,,,|10.61 SUNROOM FOUNDATION,SUN,,,,|10.61 SUNROOM FOUNDATION,,,,|10,.61 SUNROOM FOUNDATION,4085,Lumber
|10.82 OPT DEN FOUNDATION,|10.82 OPT DEN FOUNDATION,1,,,,4085,Lumber,,,|10.82 OPT DEN FOUNDATION,,,,,|10.82 OPT DEN FOUNDATION,,,,|10,.82 OPT DEN FOUNDATION,4085,Lumber
|10.82BCD OPT DEN FOUNDATION  - ELVB - ELVC - ELVD,|10.82 OPT DEN FOUNDATION,1,"B, C, D",,"ELVB, ELVC, ELVD",4085,Lumber,,,|10.82BCD OPT DEN FOUNDATION,ELVB,ELVC,ELVD,,|10.82BCD OPT DEN FOUNDATION,,,,|10,.82BCD OPT DEN FOUNDATION,4085,Lumber
|10.83BCD OPT DEN  W/FULL BATH FOUNDATION  - ELVB - ELVC - ELVD,|10.83 OPT DEN W/FULL BATH FOUNDATION,1,"B, C, D",,"ELVB, ELVC, ELVD",4085,Lumber,,,|10.83BCD OPT DEN W/FULL BATH FOUNDATION,ELVB,ELVC,ELVD,,|10.83BCD OPT DEN W/FULL BATH FOUNDATION,,,,|10,.83BCD OPT DEN W/FULL BATH FOUNDATION,4085,Lumber
|10.tc TALLCRAWL FRAMING - TALLCRWL,|10.tc TALLCRAWL FRAMING,1,,TALLCRWL,TALLCRWL,4085,Lumber,,,|10.tc TALLCRAWL FRAMING,TALLCRWL,,,,|10.tc TALLCRAWL FRAMING,,,,|10,.tc TALLCRAWL FRAMING,4085,Lumber
|10BCD FOUNDATION - ELVB - ELVC - ELVD,|10 FOUNDATION,1,"B, C, D",,"ELVB, ELVC, ELVD",4085,Lumber,,,|10 FOUNDATION,ELVB,ELVC,ELVD,,|10 FOUNDATION,,,,|10,FOUNDATION,4085,Lumber
|11 MAIN JOIST SYSTEM @FOUNDATION,|11 MAIN JOIST SYSTEM @FOUNDATION,1,,,,4085,Lumber,,,|11 MAIN JOIST SYSTEM @FOUNDATION,,,,,|11 MAIN JOIST SYSTEM @FOUNDATION,,,,|11,MAIN JOIST SYSTEM @FOUNDATION,4085,Lumber
|11.01 MAIN JOIST SYSTEM FIREPLACE ADD ON @FOUNDATION - FPSING,|11.01 MAIN JOIST SYSTEM FIREPLACE ADD ON @FOUNDATION,1,,FPSING,FPSING,4085,Lumber,,,|11.01 MAIN JOIST SYSTEM FIREPLACE ADD ON @FOUNDATION,FPSING,,,,|11.01 MAIN JOIST SYSTEM FIREPLACE ADD ON @FOUNDATION,,,,|11,.01 MAIN JOIST SYSTEM FIREPLACE ADD ON @FOUNDATION,4085,Lumber
|11.60x MAIN JOIST SYSTEM @ EXTENDED GREAT ROOM - XGREAT,|11.60x MAIN JOIST SYSTEM @ EXTENDED GREAT ROOM,1,,XGREAT,XGREAT,4085,Lumber,,,|11.60x MAIN JOIST SYSTEM @ EXTENDED GREAT ROOM,XGREAT,,,,|11.60x MAIN JOIST SYSTEM @ EXTENDED GREAT ROOM,,,,|11,.60x MAIN JOIST SYSTEM @ EXTENDED GREAT ROOM,4085,Lumber
|11.62 MAIN JOIST SYSTEM LOFT 2 ADD ON @FOUNDATION - LOFT2,|11.62 MAIN JOIST SYSTEM LOFT 2 ADD ON @FOUNDATION,1,,LOFT2,LOFT2,4085,Lumber,,,|11.62 MAIN JOIST SYSTEM LOFT 2 ADD ON @FOUNDATION,LOFT2,,,,|11.62 MAIN JOIST SYSTEM LOFT 2 ADD ON @FOUNDATION,,,,|11,.62 MAIN JOIST SYSTEM LOFT 2 ADD ON @FOUNDATION,4085,Lumber
|12 OPT 3RD CAR GARAGE FOUNDATION - 3CARA - 3CARB - 3CARC,|12 OPT 3RD CAR GARAGE FOUNDATION,1,,"3CARA, 3CARB, 3CARC","3CARA, 3CARB, 3CARC",4085,Lumber,,,|12 OPT 3RD CAR GARAGE FOUNDATION,3CARA,3CARB,3CARC,,|12 OPT 3RD CAR GARAGE FOUNDATION,,,,|12,OPT 3RD CAR GARAGE FOUNDATION,4085,Lumber
|12.4 OPT 4 CAR GARAGE TANDEM FOUNDATION - 4CARTA - 4CARTB - 4CARTC,|12.4 OPT 4 CAR GARAGE TANDEM FOUNDATION,1,,"4CARTA, 4CARTB, 4CARTC","4CARTA, 4CARTB, 4CARTC",4085,Lumber,,,|12.4 OPT 4 CAR GARAGE TANDEM FOUNDATION,4CARTA,4CARTB,4CARTC,,|12.4 OPT 4 CAR GARAGE TANDEM FOUNDATION,,,,|12,.4 OPT 4 CAR GARAGE TANDEM FOUNDATION,4085,Lumber
|12.x2 OPT 2 CAR GARAGE 2' EXT FOUNDATION  - GAREXT2,|12.x2 OPT 2 CAR GARAGE 2' EXT FOUNDATION,1,,GAREXT2,GAREXT2,4085,Lumber,,,|12.x2 OPT 2 CAR GARAGE 2' EXT FOUNDATION,GAREXT2,,,,|12.x2 OPT 2 CAR GARAGE 2' EXT FOUNDATION,,,,|12,.x2 OPT 2 CAR GARAGE 2' EXT FOUNDATION,4085,Lumber
|12.x4ABC OPT 2 CAR GARAGE 4' EXT FOUNDATION - 2CAR4XA - 2CAR4XB - 2CAR4XC,|12.x4 OPT 2 CAR GARAGE 4' EXT FOUNDATION,1,"A, B, C","2CAR4XA, 2CAR4XB, 2CAR4XC","2CAR4XA, 2CAR4XB, 2CAR4XC",4085,Lumber,,,|12.x4ABC OPT 2 CAR GARAGE 4' EXT FOUNDATION,2CAR4XA,2CAR4XB,2CAR4XC,,|12.x4ABC OPT 2 CAR GARAGE 4' EXT FOUNDATION,,,,|12,.x4ABC OPT 2 CAR GARAGE 4' EXT FOUNDATION,4085,Lumber
|12.x5AB OPT 2 CAR GARAGE 5' EXT FOUNDATION - 2CAR5XA - 2CAR5XB,|12.x5 OPT 2 CAR GARAGE 5' EXT FOUNDATION,1,"A, B","2CAR5XA, 2CAR5XB","2CAR5XA, 2CAR5XB",4085,Lumber,,,|12.x5AB OPT 2 CAR GARAGE 5' EXT FOUNDATION,2CAR5XA,2CAR5XB,,,|12.x5AB OPT 2 CAR GARAGE 5' EXT FOUNDATION,,,,|12,.x5AB OPT 2 CAR GARAGE 5' EXT FOUNDATION,4085,Lumber
|12ABD 3RD CAR GARAGE FOUNDATION - 3CARA - 3CARB - 3CARD,|12 3RD CAR GARAGE FOUNDATION,1,"A, B, D","3CARA, 3CARB, 3CARD","3CARA, 3CARB, 3CARD",4085,Lumber,,,|12 3RD CAR GARAGE FOUNDATION,3CARA,3CARB,3CARD,,|12 3RD CAR GARAGE FOUNDATION,,,,|12,3RD CAR GARAGE FOUNDATION,4085,Lumber
|12BCD 3RD CAR GARAGE FOUNDATION - 3CARB - 3CARC - 3CARD,|12 3RD CAR GARAGE FOUNDATION,1,"B, C, D","3CARB, 3CARC, 3CARD","3CARB, 3CARC, 3CARD",4085,Lumber,,,|12 3RD CAR GARAGE FOUNDATION,3CARB,3CARC,3CARD,,|12 3RD CAR GARAGE FOUNDATION,,,,|12,3RD CAR GARAGE FOUNDATION,4085,Lumber
|13.1 COVERED PATIO FOUNDATION - COVP,|13.1 COVERED PATIO FOUNDATION,1,,COVP,COVP,4085,Lumber,,,|13.1 COVERED PATIO FOUNDATION,COVP,,,,|13.1 COVERED PATIO FOUNDATION,,,,|13,.1 COVERED PATIO FOUNDATION,4085,Lumber
|13.2 COVERED PATIO 2 FOUNDATION - COVP2,|13.2 COVERED PATIO 2 FOUNDATION,1,,COVP2,COVP2,4085,Lumber,,,|13.2 COVERED PATIO 2 FOUNDATION,COVP2,,,,|13.2 COVERED PATIO 2 FOUNDATION,,,,|13,.2 COVERED PATIO 2 FOUNDATION,4085,Lumber
|13.2 COVERED PATIO 2 FOUNDATION - COVP2,|13.2 COVERED PATIO 2 FOUNDATION,1,,COVP2,COVP2,4085,Lumber,,,|13.2 COVERED PATIO 2 FOUNDATION,COVP2,,,,|13.2 COVERED PATIO 2 FOUNDATION,,,,|13,.2 COVERED PATIO 2 FOUNDATION,4085,Lumber
|13.3 COVERED PATIO 3 FOUNDATION - COVP3,|13.3 COVERED PATIO 3 FOUNDATION,1,,COVP3,COVP3,4085,Lumber,,,|13.3 COVERED PATIO 3 FOUNDATION,COVP3,,,,|13.3 COVERED PATIO 3 FOUNDATION,,,,|13,.3 COVERED PATIO 3 FOUNDATION,4085,Lumber
|14.1 DECK FOUNDATION - DECK,|14.1 DECK FOUNDATION,1,,DECK,DECK,4085,Lumber,,,|14.1 DECK FOUNDATION,DECK,,,,|14.1 DECK FOUNDATION,,,,|14,.1 DECK FOUNDATION,4085,Lumber
|14.2 DECK FOUNDATION - DECK2,|14.2 DECK FOUNDATION,1,,DECK2,DECK2,4085,Lumber,,,|14.2 DECK FOUNDATION,DECK2,,,,|14.2 DECK FOUNDATION,,,,|14,.2 DECK FOUNDATION,4085,Lumber
|14.3 DECK FOUNDATION - DECK3,|14.3 DECK FOUNDATION,1,,DECK3,DECK3,4085,Lumber,,,|14.3 DECK FOUNDATION,DECK3,,,,|14.3 DECK FOUNDATION,,,,|14,.3 DECK FOUNDATION,4085,Lumber
|15.1 COVERED DECK FOUNDATION - COVD,|15.1 COVERED DECK FOUNDATION,1,,COVD,COVD,4085,Lumber,,,|15.1 COVERED DECK FOUNDATION,COVD,,,,|15.1 COVERED DECK FOUNDATION,,,,|15,.1 COVERED DECK FOUNDATION,4085,Lumber
|15.2 COVERED DECK FOUNDATION - COVD2,|15.2 COVERED DECK FOUNDATION,1,,COVD2,COVD2,4085,Lumber,,,|15.2 COVERED DECK FOUNDATION,COVD2,,,,|15.2 COVERED DECK FOUNDATION,,,,|15,.2 COVERED DECK FOUNDATION,4085,Lumber
|15.3 COVERED DECK FOUNDATION - COVD3,|15.3 COVERED DECK FOUNDATION,1,,COVD3,COVD3,4085,Lumber,,,|15.3 COVERED DECK FOUNDATION,COVD3,,,,|15.3 COVERED DECK FOUNDATION,,,,|15,.3 COVERED DECK FOUNDATION,4085,Lumber
|16.1 TRUSSED MAIN FLOOR OVER BASEMENT - WO,|16.1 TRUSSED MAIN FLOOR OVER BASEMENT,1,,WO,WO,4085,Lumber,,,|16.1 TRUSSED MAIN FLOOR OVER BASEMENT,WO,,,,|16.1 TRUSSED MAIN FLOOR OVER BASEMENT,,,,|16,.1 TRUSSED MAIN FLOOR OVER BASEMENT,4085,Lumber
|16.61 WO BSMT MAIN FLOOR - SUNWO,|16.61 WO BSMT MAIN FLOOR,1,,SUNWO,SUNWO,4085,Lumber,,,|16.61 WO BSMT MAIN FLOOR,SUNWO,,,,|16.61 WO BSMT MAIN FLOOR,,,,|16,.61 WO BSMT MAIN FLOOR,4085,Lumber
|16/16.2 OPT WO BASEMENT MAIN FLOOR SYSTEM - WO - WO2,|16/16.2 OPT WO BASEMENT MAIN FLOOR SYSTEM,1,,"WO, WO2","WO, WO2",4085,Lumber,,,|16/16.2 OPT WO BASEMENT MAIN FLOOR SYSTEM,WO,WO2,,,|16/16.2 OPT WO BASEMENT MAIN FLOOR SYSTEM,,,,|16,/16.2 OPT WO BASEMENT MAIN FLOOR SYSTEM,4085,Lumber
|18.82 OPT DEN SUBFLOOR,|18.82 OPT DEN SUBFLOOR,2,,,,4085,Lumber,,,|18.82 OPT DEN SUBFLOOR,,,,,|18.82 OPT DEN SUBFLOOR,,,,|18,.82 OPT DEN SUBFLOOR,4085,Lumber
|18.82BCD OPT DEN SUBFLOOR - ELVB - ELVC - ELVD,|18.82 OPT DEN SUBFLOOR,2,"B, C, D",,"ELVB, ELVC, ELVD",4085,Lumber,,,|18.82BCD OPT DEN SUBFLOOR,ELVB,ELVC,ELVD,,|18.82BCD OPT DEN SUBFLOOR,,,,|18,.82BCD OPT DEN SUBFLOOR,4085,Lumber
|18.83BCD OPT DEN  W/FULL BATH SUBFLOOR - ELVB - ELVC - ELVD,|18.83 OPT DEN W/FULL BATH SUBFLOOR,2,"B, C, D",,"ELVB, ELVC, ELVD",4085,Lumber,,,|18.83BCD OPT DEN W/FULL BATH SUBFLOOR,ELVB,ELVC,ELVD,,|18.83BCD OPT DEN W/FULL BATH SUBFLOOR,,,,|18,.83BCD OPT DEN W/FULL BATH SUBFLOOR,4085,Lumber
|18BCD MAIN SUBFLOOR - ELVB - ELVC - ELVD,|18 MAIN SUBFLOOR,2,"B, C, D",,"ELVB, ELVC, ELVD",4085,Lumber,,,|18 MAIN SUBFLOOR,ELVB,ELVC,ELVD,,|18 MAIN SUBFLOOR,,,,|18,MAIN SUBFLOOR,4085,Lumber
|20 MAIN FLOOR WALLS,|20 MAIN FLOOR WALLS,3,,,,4085,Lumber,,,|20 MAIN FLOOR WALLS,,,,,|20 MAIN FLOOR WALLS,,,,|20,MAIN FLOOR WALLS,4085,Lumber
|20.01 OPT DBL-SIDED FIREPLACE,|20.01 OPT DBL,3,,SIDED FIREPLACE,SIDED FIREPLACE,4085,Lumber,,,|20.01 OPT DBL,SIDED FIREPLACE,,,,|20.01 OPT DBL,,,,|20,.01 OPT DBL,4085,Lumber
|20.02 OPT GREAT ROOM WINDOWS- WDWGREAT,|20.02 OPT GREAT ROOM WINDOWS,3,,WDWGREAT,WDWGREAT,4085,Lumber,,,|20.02 OPT GREAT ROOM WINDOWS,WDWGREAT,,,,|20.02 OPT GREAT ROOM WINDOWS,,,,|20,.02 OPT GREAT ROOM WINDOWS,4085,Lumber
|20.02a OPT ALT GREAT ROOM WINDOWS W/ FIREPLACE - WDWGRALT,|20.02a OPT ALT GREAT ROOM WINDOWS W/ FIREPLACE,3,,WDWGRALT,WDWGRALT,4085,Lumber,,,|20.02a OPT ALT GREAT ROOM WINDOWS W/ FIREPLACE,WDWGRALT,,,,|20.02a OPT ALT GREAT ROOM WINDOWS W/ FIREPLACE,,,,|20,.02a OPT ALT GREAT ROOM WINDOWS W/ FIREPLACE,4085,Lumber
|20.02x OPT GREAT ROOM WINDOW(S) @ EXT GRT RM - WDWGRTX,|20.02x OPT GREAT ROOM WINDOW(S) @ EXT GRT RM,3,,WDWGRTX,WDWGRTX,4085,Lumber,,,|20.02x OPT GREAT ROOM WINDOW(S) @ EXT GRT RM,WDWGRTX,,,,|20.02x OPT GREAT ROOM WINDOW(S) @ EXT GRT RM,,,,|20,.02x OPT GREAT ROOM WINDOW(S) @ EXT GRT RM,4085,Lumber
|20.06 OPT FLEX WINDOW,|20.06 OPT FLEX WINDOW,3,,,,4085,Lumber,,,|20.06 OPT FLEX WINDOW,,,,,|20.06 OPT FLEX WINDOW,,,,|20,.06 OPT FLEX WINDOW,4085,Lumber
|20.12 OPT CENTER MEET DOOR - MSLIDE1,|20.12 OPT CENTER MEET DOOR,3,,MSLIDE1,MSLIDE1,4085,Lumber,,,|20.12 OPT CENTER MEET DOOR,MSLIDE1,,,,|20.12 OPT CENTER MEET DOOR,,,,|20,.12 OPT CENTER MEET DOOR,4085,Lumber
|20.12l OPT CENTER MEET DOOR @ LOFT - MSLIDE1,|20.12l OPT CENTER MEET DOOR @ LOFT,3,,MSLIDE1,MSLIDE1,4085,Lumber,,,|20.12l OPT CENTER MEET DOOR @ LOFT,MSLIDE1,,,,|20.12l OPT CENTER MEET DOOR @ LOFT,,,,|20,.12l OPT CENTER MEET DOOR @ LOFT,4085,Lumber
|20.13 OPT MULT-SLIDE DOOR - MSLIDE2,|20.13 OPT MULT,3,,"SLIDE DOOR, MSLIDE2","SLIDE DOOR, MSLIDE2",4085,Lumber,,,|20.13 OPT MULT,SLIDE DOOR,MSLIDE2,,,|20.13 OPT MULT,,,,|20,.13 OPT MULT,4085,Lumber
|20.13l OPT MULTI-SLIDE DOOR @ LOFT - MSLIDE2,|20.13l OPT MULTI,3,,"SLIDE DOOR @ LOFT, MSLIDE2","SLIDE DOOR @ LOFT, MSLIDE2",4085,Lumber,,,|20.13l OPT MULTI,SLIDE DOOR @ LOFT,MSLIDE2,,,|20.13l OPT MULTI,,,,|20,.13l OPT MULTI,4085,Lumber
|20.14 OPT BEDROOM 2 WINDOW - WDWBR2,|20.14 OPT BEDROOM 2 WINDOW,3,,WDWBR2,WDWBR2,4085,Lumber,,,|20.14 OPT BEDROOM 2 WINDOW,WDWBR2,,,,|20.14 OPT BEDROOM 2 WINDOW,,,,|20,.14 OPT BEDROOM 2 WINDOW,4085,Lumber
|20.15 OPT BEDROOM 3 WINDOW - WDWBR3,|20.15 OPT BEDROOM 3 WINDOW,3,,WDWBR3,WDWBR3,4085,Lumber,,,|20.15 OPT BEDROOM 3 WINDOW,WDWBR3,,,,|20.15 OPT BEDROOM 3 WINDOW,,,,|20,.15 OPT BEDROOM 3 WINDOW,4085,Lumber
|20.15 OPT BEDROOM 3 WINDOW - WDWBR4,|20.15 OPT BEDROOM 3 WINDOW,3,,WDWBR4,WDWBR4,4085,Lumber,,,|20.15 OPT BEDROOM 3 WINDOW,WDWBR4,,,,|20.15 OPT BEDROOM 3 WINDOW,,,,|20,.15 OPT BEDROOM 3 WINDOW,4085,Lumber
|20.16 OPT BEDROOM 4 WINDOW - WDWBR4,|20.16 OPT BEDROOM 4 WINDOW,3,,WDWBR4,WDWBR4,4085,Lumber,,,|20.16 OPT BEDROOM 4 WINDOW,WDWBR4,,,,|20.16 OPT BEDROOM 4 WINDOW,,,,|20,.16 OPT BEDROOM 4 WINDOW,4085,Lumber
|20.17 OPT BEDROOM 5 WINDOW - WDWBR5,|20.17 OPT BEDROOM 5 WINDOW,3,,WDWBR5,WDWBR5,4085,Lumber,,,|20.17 OPT BEDROOM 5 WINDOW,WDWBR5,,,,|20.17 OPT BEDROOM 5 WINDOW,,,,|20,.17 OPT BEDROOM 5 WINDOW,4085,Lumber
|20.19 OPT STUDY WINDOW - WDWSTUDY,|20.19 OPT STUDY WINDOW,3,,WDWSTUDY,WDWSTUDY,4085,Lumber,,,|20.19 OPT STUDY WINDOW,WDWSTUDY,,,,|20.19 OPT STUDY WINDOW,,,,|20,.19 OPT STUDY WINDOW,4085,Lumber
|20.20 OPT POWDER - ABAPWDR,|20.20 OPT POWDER,3,,ABAPWDR,ABAPWDR,4085,Lumber,,,|20.20 OPT POWDER,ABAPWDR,,,,|20.20 OPT POWDER,,,,|20,.20 OPT POWDER,4085,Lumber
|20.21 OPT DBA DELUXE MASTER BATH 1 - DBA,|20.21 OPT DBA DELUXE MASTER BATH 1,3,,DBA,DBA,4085,Lumber,,,|20.21 OPT DBA DELUXE MASTER BATH 1,DBA,,,,|20.21 OPT DBA DELUXE MASTER BATH 1,,,,|20,.21 OPT DBA DELUXE MASTER BATH 1,4085,Lumber
|20.22 OPT DBA2 DELUXE MASTER BATH 2 - DBA2,|20.22 OPT DBA2 DELUXE MASTER BATH 2,3,,DBA2,DBA2,4085,Lumber,,,|20.22 OPT DBA2 DELUXE MASTER BATH 2,DBA2,,,,|20.22 OPT DBA2 DELUXE MASTER BATH 2,,,,|20,.22 OPT DBA2 DELUXE MASTER BATH 2,4085,Lumber
|20.23 OPT DBA DELUXE MASTER BATH 3 - DBA3,|20.23 OPT DBA DELUXE MASTER BATH 3,3,,DBA3,DBA3,4085,Lumber,,,|20.23 OPT DBA DELUXE MASTER BATH 3,DBA3,,,,|20.23 OPT DBA DELUXE MASTER BATH 3,,,,|20,.23 OPT DBA DELUXE MASTER BATH 3,4085,Lumber
|20.24 OPT BEDROOM 4 - ABR4,|20.24 OPT BEDROOM 4,3,,ABR4,ABR4,4085,Lumber,,,|20.24 OPT BEDROOM 4,ABR4,,,,|20.24 OPT BEDROOM 4,,,,|20,.24 OPT BEDROOM 4,4085,Lumber
|20.24 OPT BEDROOM 4 - ABR4BA,|20.24 OPT BEDROOM 4,3,,ABR4BA,ABR4BA,4085,Lumber,,,|20.24 OPT BEDROOM 4,ABR4BA,,,,|20.24 OPT BEDROOM 4,,,,|20,.24 OPT BEDROOM 4,4085,Lumber
|20.25 OPT BEDROOM 5 W/ BATHROOM  - ABR5BA,|20.25 OPT BEDROOM 5 W/ BATHROOM,3,,ABR5BA,ABR5BA,4085,Lumber,,,|20.25 OPT BEDROOM 5 W/ BATHROOM,ABR5BA,,,,|20.25 OPT BEDROOM 5 W/ BATHROOM,,,,|20,.25 OPT BEDROOM 5 W/ BATHROOM,4085,Lumber
|20.27 OPT STUDY - STUDY,|20.27 OPT STUDY,3,,STUDY,STUDY,4085,Lumber,,,|20.27 OPT STUDY,STUDY,,,,|20.27 OPT STUDY,,,,|20,.27 OPT STUDY,4085,Lumber
|20.28 OPT DINING ROOM,|20.28 OPT DINING ROOM,3,,,,4085,Lumber,,,|20.28 OPT DINING ROOM,,,,,|20.28 OPT DINING ROOM,,,,|20,.28 OPT DINING ROOM,4085,Lumber
|20.29 OPT BED W/ BATHROOM ILO DEN,|20.29 OPT BED W/ BATHROOM ILO DEN,3,,,,4085,Lumber,,,|20.29 OPT BED W/ BATHROOM ILO DEN,,,,,|20.29 OPT BED W/ BATHROOM ILO DEN,,,,|20,.29 OPT BED W/ BATHROOM ILO DEN,4085,Lumber
|20.33 OPT FRENCH DOUBLE DOOR - FRENCHDB,|20.33 OPT FRENCH DOUBLE DOOR,3,,FRENCHDB,FRENCHDB,4085,Lumber,,,|20.33 OPT FRENCH DOUBLE DOOR,FRENCHDB,,,,|20.33 OPT FRENCH DOUBLE DOOR,,,,|20,.33 OPT FRENCH DOUBLE DOOR,4085,Lumber
|20.34 OPT POCKET OFFICE,|20.34 OPT POCKET OFFICE,3,,,,4085,Lumber,,,|20.34 OPT POCKET OFFICE,,,,,|20.34 OPT POCKET OFFICE,,,,|20,.34 OPT POCKET OFFICE,4085,Lumber
|20.41 OPT DINING ROOM COFFERED CEILING - COFDIN,|20.41 OPT DINING ROOM COFFERED CEILING,3,,COFDIN,COFDIN,4085,Lumber,,,|20.41 OPT DINING ROOM COFFERED CEILING,COFDIN,,,,|20.41 OPT DINING ROOM COFFERED CEILING,,,,|20,.41 OPT DINING ROOM COFFERED CEILING,4085,Lumber
|20.42 OPT MBR COFFERED CEILING - COFMBR,|20.42 OPT MBR COFFERED CEILING,3,,COFMBR,COFMBR,4085,Lumber,,,|20.42 OPT MBR COFFERED CEILING,COFMBR,,,,|20.42 OPT MBR COFFERED CEILING,,,,|20,.42 OPT MBR COFFERED CEILING,4085,Lumber
|20.43ABC OPT ENTRY COFFERED CEILING,|20.43 OPT ENTRY COFFERED CEILING,3,"A, B, C",,,4085,Lumber,,,|20.43ABC OPT ENTRY COFFERED CEILING,,,,,|20.43ABC OPT ENTRY COFFERED CEILING,,,,|20,.43ABC OPT ENTRY COFFERED CEILING,4085,Lumber
|20.44 OPT LIVING ROOM COFFERED CEILING,|20.44 OPT LIVING ROOM COFFERED CEILING,3,,,,4085,Lumber,,,|20.44 OPT LIVING ROOM COFFERED CEILING,,,,,|20.44 OPT LIVING ROOM COFFERED CEILING,,,,|20,.44 OPT LIVING ROOM COFFERED CEILING,4085,Lumber
|20.50 OPT BOOKCASE STUDY - BOOK1,|20.50 OPT BOOKCASE STUDY,3,,BOOK1,BOOK1,4085,Lumber,,,|20.50 OPT BOOKCASE STUDY,BOOK1,,,,|20.50 OPT BOOKCASE STUDY,,,,|20,.50 OPT BOOKCASE STUDY,4085,Lumber
|20.60x EXTENDED GREAT ROOM WALLS - XGREAT - WO2,|20.60x EXTENDED GREAT ROOM WALLS,3,,"XGREAT, WO2","XGREAT, WO2",4085,Lumber,,,|20.60x EXTENDED GREAT ROOM WALLS,XGREAT,WO2,,,|20.60x EXTENDED GREAT ROOM WALLS,,,,|20,.60x EXTENDED GREAT ROOM WALLS,4085,Lumber
|20.61 MAIN WALLS SUNROOM - SUN,|20.61 MAIN WALLS SUNROOM,3,,SUN,SUN,4085,Lumber,,,|20.61 MAIN WALLS SUNROOM,SUN,,,,|20.61 MAIN WALLS SUNROOM,,,,|20,.61 MAIN WALLS SUNROOM,4085,Lumber
|20.7 MAIN WALL OPT BDR 3,|20.7 MAIN WALL OPT BDR 3,3,,,,4085,Lumber,,,|20.7 MAIN WALL OPT BDR 3,,,,,|20.7 MAIN WALL OPT BDR 3,,,,|20,.7 MAIN WALL OPT BDR 3,4085,Lumber
|20.81 OPT CLUBHOUSE RETREAT - RETREAT,|20.81 OPT CLUBHOUSE RETREAT,3,,RETREAT,RETREAT,4085,Lumber,,,|20.81 OPT CLUBHOUSE RETREAT,RETREAT,,,,|20.81 OPT CLUBHOUSE RETREAT,,,,|20,.81 OPT CLUBHOUSE RETREAT,4085,Lumber
|20.82 OPT DEN WALLS,|20.82 OPT DEN WALLS,3,,,,4085,Lumber,,,|20.82 OPT DEN WALLS,,,,,|20.82 OPT DEN WALLS,,,,|20,.82 OPT DEN WALLS,4085,Lumber
|20.82BCD OPT DEN WALLS,|20.82 OPT DEN WALLS,3,"B, C, D",,,4085,Lumber,,,|20.82BCD OPT DEN WALLS,,,,,|20.82BCD OPT DEN WALLS,,,,|20,.82BCD OPT DEN WALLS,4085,Lumber
|20.82rf OPT DEN WALLS READYFRAME,|20.82rf OPT DEN WALLS READYFRAME,3,,,,4085,Lumber,,,|20.82rf OPT DEN WALLS READYFRAME,,,,,|20.82rf OPT DEN WALLS READYFRAME,,,,|20,.82rf OPT DEN WALLS READYFRAME,4085,Lumber
|20.83BCD OPT DEN  W/FULL BATH WALLS,|20.83 OPT DEN W/FULL BATH WALLS,3,"B, C, D",,,4085,Lumber,,,|20.83BCD OPT DEN W/FULL BATH WALLS,,,,,|20.83BCD OPT DEN W/FULL BATH WALLS,,,,|20,.83BCD OPT DEN W/FULL BATH WALLS,4085,Lumber
|20.83rfBCD OPT DEN W/ FULL BALL WALLS READYFRAME,|20.83rf OPT DEN W/ FULL BALL WALLS READYFRAME,3,,,,4085,Lumber,,,|20.83rfBCD OPT DEN W/ FULL BALL WALLS READYFRAME,,,,,|20.83rfBCD OPT DEN W/ FULL BALL WALLS READYFRAME,,,,|20,.83rfBCD OPT DEN W/ FULL BALL WALLS READYFRAME,4085,Lumber
|20.ak Alternate Kitchen,|20.ak Alternate Kitchen,3,,,,4085,Lumber,,,|20.ak Alternate Kitchen,,,,,|20.ak Alternate Kitchen,,,,|20,.ak Alternate Kitchen,4085,Lumber
|20.l MAIN FLOOR WALLS (LOFT) - ELVA - ELVB - ELVC,|20.l MAIN FLOOR WALLS (LOFT),3,"A, B, C",,"ELVA, ELVB, ELVC",4085,Lumber,,,|20.l MAIN FLOOR WALLS (LOFT),ELVA,ELVB,ELVC,,|20.l MAIN FLOOR WALLS (LOFT),,,,|20,.l MAIN FLOOR WALLS (LOFT),4085,Lumber
|20.nl MAIN FLOOR WALLS (NO LOFT) - ELVA - ELVB - ELVC,|20.nl MAIN FLOOR WALLS (NO LOFT),3,"A, B, C",,"ELVA, ELVB, ELVC",4085,Lumber,,,|20.nl MAIN FLOOR WALLS (NO LOFT),ELVA,ELVB,ELVC,,|20.nl MAIN FLOOR WALLS (NO LOFT),,,,|20,.nl MAIN FLOOR WALLS (NO LOFT),4085,Lumber
|20BC MAIN FLOOR WALLS,|20 MAIN FLOOR WALLS,3,"B, C",,,4085,Lumber,,,|20 MAIN FLOOR WALLS,,,,,|20 MAIN FLOOR WALLS,,,,|20,MAIN FLOOR WALLS,4085,Lumber
|20BCD MAIN FLOOR WALLS,|20 MAIN FLOOR WALLS,3,"B, C, D",,,4085,Lumber,,,|20 MAIN FLOOR WALLS,,,,,|20 MAIN FLOOR WALLS,,,,|20,MAIN FLOOR WALLS,4085,Lumber
|20D MAIN WALLS,|20 MAIN WALLS,3,D,,,4085,Lumber,,,|20 MAIN WALLS,,,,,|20 MAIN WALLS,,,,|20,MAIN WALLS,4085,Lumber
|20mB FRAMING MASONRY ,|20m FRAMING MASONRY,3,,,,4085,Lumber,,,|20mB FRAMING MASONRY,,,,,|20mB FRAMING MASONRY,,,,|20,mB FRAMING MASONRY,4085,Lumber
|20rfBCD MAIN WALLS READYFRAME,|20rf MAIN WALLS READYFRAME,3,,,,4085,Lumber,,,|20rfBCD MAIN WALLS READYFRAME,,,,,|20rfBCD MAIN WALLS READYFRAME,,,,|20,rfBCD MAIN WALLS READYFRAME,4085,Lumber
|22.4A OPT 4 CAR GARAGE TANDEM WALLS - 4CARTA,|22.4 OPT 4 CAR GARAGE TANDEM WALLS,3,A,4CARTA,4CARTA,4085,Lumber,,,|22.4A OPT 4 CAR GARAGE TANDEM WALLS,4CARTA,,,,|22.4A OPT 4 CAR GARAGE TANDEM WALLS,,,,|22,.4A OPT 4 CAR GARAGE TANDEM WALLS,4085,Lumber
|22.4BC OPT 4 CAR GARAGE TANDEM WALLS - 3CARTB - 3CARTC,|22.4 OPT 4 CAR GARAGE TANDEM WALLS,3,"B, C","3CARTB, 3CARTC","3CARTB, 3CARTC",4085,Lumber,,,|22.4BC OPT 4 CAR GARAGE TANDEM WALLS,3CARTB,3CARTC,,,|22.4BC OPT 4 CAR GARAGE TANDEM WALLS,,,,|22,.4BC OPT 4 CAR GARAGE TANDEM WALLS,4085,Lumber
|22.4xA OPT 2 CAR GARAGE 4' EXT WALLS - 2CAR4XA,|22.4x OPT 2 CAR GARAGE 4' EXT WALLS,3,,2CAR4XA,2CAR4XA,4085,Lumber,,,|22.4xA OPT 2 CAR GARAGE 4' EXT WALLS,2CAR4XA,,,,|22.4xA OPT 2 CAR GARAGE 4' EXT WALLS,,,,|22,.4xA OPT 2 CAR GARAGE 4' EXT WALLS,4085,Lumber
|22.4xB OPT 2 CAR GARAGE 4' EXT WALLS - 2CAR4XB,|22.4x OPT 2 CAR GARAGE 4' EXT WALLS,3,,2CAR4XB,2CAR4XB,4085,Lumber,,,|22.4xB OPT 2 CAR GARAGE 4' EXT WALLS,2CAR4XB,,,,|22.4xB OPT 2 CAR GARAGE 4' EXT WALLS,,,,|22,.4xB OPT 2 CAR GARAGE 4' EXT WALLS,4085,Lumber
|22.4xC OPT 2 CAR GARAGE 4' EXT WALLS - 2CAR4XC,|22.4x OPT 2 CAR GARAGE 4' EXT WALLS,3,,2CAR4XC,2CAR4XC,4085,Lumber,,,|22.4xC OPT 2 CAR GARAGE 4' EXT WALLS,2CAR4XC,,,,|22.4xC OPT 2 CAR GARAGE 4' EXT WALLS,,,,|22,.4xC OPT 2 CAR GARAGE 4' EXT WALLS,4085,Lumber
|22.x2 OPT EXTENDED GARAGE WALLS - GAREXT2,|22.x2 OPT EXTENDED GARAGE WALLS,3,,GAREXT2,GAREXT2,4085,Lumber,,,|22.x2 OPT EXTENDED GARAGE WALLS,GAREXT2,,,,|22.x2 OPT EXTENDED GARAGE WALLS,,,,|22,.x2 OPT EXTENDED GARAGE WALLS,4085,Lumber
|22.x2 OPT EXTENDED GARAGE WALLS - OPTI PLATE - GAREXT2,|22.x2 OPT EXTENDED GARAGE WALLS,3,,"OPTI PLATE, GAREXT2","OPTI PLATE, GAREXT2",4085,Lumber,,,|22.x2 OPT EXTENDED GARAGE WALLS,OPTI PLATE,GAREXT2,,,|22.x2 OPT EXTENDED GARAGE WALLS,,,,|22,.x2 OPT EXTENDED GARAGE WALLS,4085,Lumber
|22.x4ABC OPT 2 CAR GARAGE 4' EXT WALLS - 2CAR4XA - 2CAR4XB - 2CAR4XC,|22.x4 OPT 2 CAR GARAGE 4' EXT WALLS,3,"A, B, C","2CAR4XA, 2CAR4XB, 2CAR4XC","2CAR4XA, 2CAR4XB, 2CAR4XC",4085,Lumber,,,|22.x4ABC OPT 2 CAR GARAGE 4' EXT WALLS,2CAR4XA,2CAR4XB,2CAR4XC,,|22.x4ABC OPT 2 CAR GARAGE 4' EXT WALLS,,,,|22,.x4ABC OPT 2 CAR GARAGE 4' EXT WALLS,4085,Lumber
|22.x5AB OPT 2 CAR GARAGE 5' EXT WALLS - ELVA - ELVB - 2CAR5XA - 2CAR5XB,|22.x5 OPT 2 CAR GARAGE 5' EXT WALLS,3,"A, B","2CAR5XA, 2CAR5XB","ELVA, ELVB, 2CAR5XA, 2CAR5XB",4085,Lumber,,,|22.x5AB OPT 2 CAR GARAGE 5' EXT WALLS,ELVA,ELVB,2CAR5XA,2CAR5XB,|22.x5AB OPT 2 CAR GARAGE 5' EXT WALLS,,,,|22,.x5AB OPT 2 CAR GARAGE 5' EXT WALLS,4085,Lumber
|22.x5C OPT 2 CAR GARAGE 5' EXT WALLS - ELVC - 2CAR5XC,|22.x5 OPT 2 CAR GARAGE 5' EXT WALLS,3,C,2CAR5XC,"ELVC, 2CAR5XC",4085,Lumber,,,|22.x5C OPT 2 CAR GARAGE 5' EXT WALLS,ELVC,2CAR5XC,,,|22.x5C OPT 2 CAR GARAGE 5' EXT WALLS,,,,|22,.x5C OPT 2 CAR GARAGE 5' EXT WALLS,4085,Lumber
|22BC 3RD CAR GARAGE WALLS ,|22 3RD CAR GARAGE WALLS,3,"B, C",,,4085,Lumber,,,|22 3RD CAR GARAGE WALLS,,,,,|22 3RD CAR GARAGE WALLS,,,,|22,3RD CAR GARAGE WALLS,4085,Lumber
|22BCD 3RD CAR GARAGE WALLS ,|22 3RD CAR GARAGE WALLS,3,"B, C, D",,,4085,Lumber,,,|22 3RD CAR GARAGE WALLS,,,,,|22 3RD CAR GARAGE WALLS,,,,|22,3RD CAR GARAGE WALLS,4085,Lumber
|22D 3RD CAR GARAGE WALLS ,|22 3RD CAR GARAGE WALLS,3,D,,,4085,Lumber,,,|22 3RD CAR GARAGE WALLS,,,,,|22 3RD CAR GARAGE WALLS,,,,|22,3RD CAR GARAGE WALLS,4085,Lumber
|23 COVERED PATIO - COVP,|23 COVERED PATIO,3,,COVP,COVP,4085,Lumber,,,|23 COVERED PATIO,COVP,,,,|23 COVERED PATIO,,,,|23,COVERED PATIO,4085,Lumber
|23.1 COVERED PATIO - COVP,|23.1 COVERED PATIO,3,,COVP,COVP,4085,Lumber,,,|23.1 COVERED PATIO,COVP,,,,|23.1 COVERED PATIO,,,,|23,.1 COVERED PATIO,4085,Lumber
|23.2 COVERED PATIO 2,|23.2 COVERED PATIO 2,3,,,,4085,Lumber,,,|23.2 COVERED PATIO 2,,,,,|23.2 COVERED PATIO 2,,,,|23,.2 COVERED PATIO 2,4085,Lumber
|23.2 COVERED PATIO 2 - COVP2,|23.2 COVERED PATIO 2,3,,COVP2,COVP2,4085,Lumber,,,|23.2 COVERED PATIO 2,COVP2,,,,|23.2 COVERED PATIO 2,,,,|23,.2 COVERED PATIO 2,4085,Lumber
|23.3 COVERED PATIO 3 - COVP3,|23.3 COVERED PATIO 3,3,,COVP3,COVP3,4085,Lumber,,,|23.3 COVERED PATIO 3,COVP3,,,,|23.3 COVERED PATIO 3,,,,|23,.3 COVERED PATIO 3,4085,Lumber
|23.61 SUNROOM COVERED PATIO - COVPSN1,|23.61 SUNROOM COVERED PATIO,3,,COVPSN1,COVPSN1,4085,Lumber,,,|23.61 SUNROOM COVERED PATIO,COVPSN1,,,,|23.61 SUNROOM COVERED PATIO,,,,|23,.61 SUNROOM COVERED PATIO,4085,Lumber
|23.sr COVERED PATIO @ SUNROOM - SUN - SUNWO - COVPSN1 - COVD1SN,|23.sr COVERED PATIO @ SUNROOM,3,,"SUN, SUNWO, COVPSN1, COVD1SN","SUN, SUNWO, COVPSN1, COVD1SN",4085,Lumber,,,|23.sr COVERED PATIO @ SUNROOM,SUN,SUNWO,COVPSN1,COVD1SN,|23.sr COVERED PATIO @ SUNROOM,,,,|23,.sr COVERED PATIO @ SUNROOM,4085,Lumber
|23.x EXTENDED COVERED PATIO - COVPX,|23.x EXTENDED COVERED PATIO,3,,COVPX,COVPX,4085,Lumber,,,|23.x EXTENDED COVERED PATIO,COVPX,,,,|23.x EXTENDED COVERED PATIO,,,,|23,.x EXTENDED COVERED PATIO,4085,Lumber
|24 DECK FRAMING - WO,|24 DECK FRAMING,3,,WO,WO,4085,Lumber,,,|24 DECK FRAMING,WO,,,,|24 DECK FRAMING,,,,|24,DECK FRAMING,4085,Lumber
|24.1 DECK FRAMING - DECK,|24.1 DECK FRAMING,3,,DECK,DECK,4085,Lumber,,,|24.1 DECK FRAMING,DECK,,,,|24.1 DECK FRAMING,,,,|24,.1 DECK FRAMING,4085,Lumber
|24.2 DECK FRAMING - DECK2,|24.2 DECK FRAMING,3,,DECK2,DECK2,4085,Lumber,,,|24.2 DECK FRAMING,DECK2,,,,|24.2 DECK FRAMING,,,,|24,.2 DECK FRAMING,4085,Lumber
|24.3 DECK FRAMING - DECK3,|24.3 DECK FRAMING,3,,DECK3,DECK3,4085,Lumber,,,|24.3 DECK FRAMING,DECK3,,,,|24.3 DECK FRAMING,,,,|24,.3 DECK FRAMING,4085,Lumber
|24.60 DECK FRAMING @ EXT GRT RM WALKOUT - XGREAT - COVD2 - WO2,|24.60 DECK FRAMING @ EXT GRT RM WALKOUT,3,,"XGREAT, COVD2, WO2","XGREAT, COVD2, WO2",4085,Lumber,,,|24.60 DECK FRAMING @ EXT GRT RM WALKOUT,XGREAT,COVD2,WO2,,|24.60 DECK FRAMING @ EXT GRT RM WALKOUT,,,,|24,.60 DECK FRAMING @ EXT GRT RM WALKOUT,4085,Lumber
|24.e EXT DECK FRAMING - COVD2 - WO,|24.e EXT DECK FRAMING,3,,"COVD2, WO","COVD2, WO",4085,Lumber,,,|24.e EXT DECK FRAMING,COVD2,WO,,,|24.e EXT DECK FRAMING,,,,|24,.e EXT DECK FRAMING,4085,Lumber
|24.sr DECK FRAMING @ SUNROOM  - SUN - COVD1SN - SUNWO,|24.sr DECK FRAMING @ SUNROOM,3,,"SUN, COVD1SN, SUNWO","SUN, COVD1SN, SUNWO",4085,Lumber,,,|24.sr DECK FRAMING @ SUNROOM,SUN,COVD1SN,SUNWO,,|24.sr DECK FRAMING @ SUNROOM,,,,|24,.sr DECK FRAMING @ SUNROOM,4085,Lumber
|24.sr DECK FRAMING @ SUNROOM - COVD1SN - SUNWO,|24.sr DECK FRAMING @ SUNROOM,3,,"COVD1SN, SUNWO","COVD1SN, SUNWO",4085,Lumber,,,|24.sr DECK FRAMING @ SUNROOM,COVD1SN,SUNWO,,,|24.sr DECK FRAMING @ SUNROOM,,,,|24,.sr DECK FRAMING @ SUNROOM,4085,Lumber
|25.1 COVERED DECK - COVD,|25.1 COVERED DECK,3,,COVD,COVD,4085,Lumber,,,|25.1 COVERED DECK,COVD,,,,|25.1 COVERED DECK,,,,|25,.1 COVERED DECK,4085,Lumber
|25.1 COVERED DECK FRAMING - COVD,|25.1 COVERED DECK FRAMING,3,,COVD,COVD,4085,Lumber,,,|25.1 COVERED DECK FRAMING,COVD,,,,|25.1 COVERED DECK FRAMING,,,,|25,.1 COVERED DECK FRAMING,4085,Lumber
|25.1s COVERED DECK STAIR FRAMING - COVD,|25.1s COVERED DECK STAIR FRAMING,3,,COVD,COVD,4085,Lumber,,,|25.1s COVERED DECK STAIR FRAMING,COVD,,,,|25.1s COVERED DECK STAIR FRAMING,,,,|25,.1s COVERED DECK STAIR FRAMING,4085,Lumber
|25.2 COVERED DECK FRAMING- COVD2,|25.2 COVERED DECK FRAMING,3,,COVD2,COVD2,4085,Lumber,,,|25.2 COVERED DECK FRAMING,COVD2,,,,|25.2 COVERED DECK FRAMING,,,,|25,.2 COVERED DECK FRAMING,4085,Lumber
|25.3 COVERED DECK FRAMING - COVD3,|25.3 COVERED DECK FRAMING,3,,COVD3,COVD3,4085,Lumber,,,|25.3 COVERED DECK FRAMING,COVD3,,,,|25.3 COVERED DECK FRAMING,,,,|25,.3 COVERED DECK FRAMING,4085,Lumber
|25.tc DECK FRAMING - TALLCRWL,|25.tc DECK FRAMING,3,,TALLCRWL,TALLCRWL,4085,Lumber,,,|25.tc DECK FRAMING,TALLCRWL,,,,|25.tc DECK FRAMING,,,,|25,.tc DECK FRAMING,4085,Lumber
|27A MAIN FLOOR SHAFTLINER - ELVA - G767,|27 MAIN FLOOR SHAFTLINER,3,A,G767,"ELVA, G767",4085,Lumber,,,|27 MAIN FLOOR SHAFTLINER,ELVA,G767,,,|27 MAIN FLOOR SHAFTLINER,,,,|27,MAIN FLOOR SHAFTLINER,4085,Lumber
|30 2ND FLOOR SYSTEM,|30 2ND FLOOR SYSTEM,3,,,,4085,Lumber,,,|30 2ND FLOOR SYSTEM,,,,,|30 2ND FLOOR SYSTEM,,,,|30,2ND FLOOR SYSTEM,4085,Lumber
|30 2ND FLOOR SYSTEM|,|30 2ND FLOOR SYSTEM|,3,,,,4085,Lumber,,,|30 2ND FLOOR SYSTEM|,,,,,|30 2ND FLOOR SYSTEM|,,,,|30,2ND FLOOR SYSTEM|,4085,Lumber
|30.21 OPT DBA DELUXE MASTER BATH 1 - DBA,|30.21 OPT DBA DELUXE MASTER BATH 1,3,,DBA,DBA,4085,Lumber,,,|30.21 OPT DBA DELUXE MASTER BATH 1,DBA,,,,|30.21 OPT DBA DELUXE MASTER BATH 1,,,,|30,.21 OPT DBA DELUXE MASTER BATH 1,4085,Lumber
|30.22 OPT DBA2 DELUXE MASTER BATH 2 - DBA2,|30.22 OPT DBA2 DELUXE MASTER BATH 2,3,,DBA2,DBA2,4085,Lumber,,,|30.22 OPT DBA2 DELUXE MASTER BATH 2,DBA2,,,,|30.22 OPT DBA2 DELUXE MASTER BATH 2,,,,|30,.22 OPT DBA2 DELUXE MASTER BATH 2,4085,Lumber
|30.62 OPT LOFT2 2ND FLOOR SYSTEM (SHIP WITH MAIN WALLS) - LOFT2,|30.62 OPT LOFT2 2ND FLOOR SYSTEM (SHIP WITH MAIN WALLS),3,,LOFT2,LOFT2,4085,Lumber,,,|30.62 OPT LOFT2 2ND FLOOR SYSTEM (SHIP WITH MAIN WALLS),LOFT2,,,,|30.62 OPT LOFT2 2ND FLOOR SYSTEM (SHIP WITH MAIN WALLS),,,,|30,.62 OPT LOFT2 2ND FLOOR SYSTEM (SHIP WITH MAIN WALLS),4085,Lumber
|30.nl 2ND FLOOR SYSTEM (SHIP WITH MAIN WALLS - NO LOFT) - ELVA - ELVB - ELVC,|30.nl 2ND FLOOR SYSTEM (SHIP WITH MAIN WALLS,3,"A, B, C",NO LOFT),"NO LOFT), ELVA, ELVB, ELVC",4085,Lumber,,,|30.nl 2ND FLOOR SYSTEM (SHIP WITH MAIN WALLS,NO LOFT),ELVA,ELVB,ELVC,|30.nl 2ND FLOOR SYSTEM (SHIP WITH MAIN WALLS,,,,|30,.nl 2ND FLOOR SYSTEM (SHIP WITH MAIN WALLS,4085,Lumber
|30BCD 2ND FLOOR SYSTEM,|30 2ND FLOOR SYSTEM,3,"B, C, D",,,4085,Lumber,,,|30 2ND FLOOR SYSTEM,,,,,|30 2ND FLOOR SYSTEM,,,,|30,2ND FLOOR SYSTEM,4085,Lumber
|32 2ND FLOOR SUBFLOOR,|32 2ND FLOOR SUBFLOOR,4,,,,4085,Lumber,,,|32 2ND FLOOR SUBFLOOR,,,,,|32 2ND FLOOR SUBFLOOR,,,,|32,2ND FLOOR SUBFLOOR,4085,Lumber
|32.62 OPT LOFT2 2ND FLOOR SUBFLOOR - LOFT2,|32.62 OPT LOFT2 2ND FLOOR SUBFLOOR,4,,LOFT2,LOFT2,4085,Lumber,,,|32.62 OPT LOFT2 2ND FLOOR SUBFLOOR,LOFT2,,,,|32.62 OPT LOFT2 2ND FLOOR SUBFLOOR,,,,|32,.62 OPT LOFT2 2ND FLOOR SUBFLOOR,4085,Lumber
|32.l 2ND FLOOR DECKING - LOFT,|32.l 2ND FLOOR DECKING,4,,LOFT,LOFT,4085,Lumber,,,|32.l 2ND FLOOR DECKING,LOFT,,,,|32.l 2ND FLOOR DECKING,,,,|32,.l 2ND FLOOR DECKING,4085,Lumber
|32BCD 2ND FLOOR SUBFLOOR,|32 2ND FLOOR SUBFLOOR,4,"B, C, D",,,4085,Lumber,,,|32 2ND FLOOR SUBFLOOR,,,,,|32 2ND FLOOR SUBFLOOR,,,,|32,2ND FLOOR SUBFLOOR,4085,Lumber
|34 2ND FLOOR DECKING & WALLS,|34 2ND FLOOR DECKING & WALLS,4,,,,4085,Lumber,,,|34 2ND FLOOR DECKING & WALLS,,,,,|34 2ND FLOOR DECKING & WALLS,,,,|34,2ND FLOOR DECKING & WALLS,4085,Lumber
|34.10 LAUNDRY ROOM WINDOW,|34.10 LAUNDRY ROOM WINDOW,4,,,,4085,Lumber,,,|34.10 LAUNDRY ROOM WINDOW,,,,,|34.10 LAUNDRY ROOM WINDOW,,,,|34,.10 LAUNDRY ROOM WINDOW,4085,Lumber
|34.10 OPT BATHROOM 2 WINDOW,|34.10 OPT BATHROOM 2 WINDOW,4,,,,4085,Lumber,,,|34.10 OPT BATHROOM 2 WINDOW,,,,,|34.10 OPT BATHROOM 2 WINDOW,,,,|34,.10 OPT BATHROOM 2 WINDOW,4085,Lumber
|34.11 OPT MASTER BEDROOM WINDOW(S) - WDWMBR,|34.11 OPT MASTER BEDROOM WINDOW(S),4,,WDWMBR,WDWMBR,4085,Lumber,,,|34.11 OPT MASTER BEDROOM WINDOW(S),WDWMBR,,,,|34.11 OPT MASTER BEDROOM WINDOW(S),,,,|34,.11 OPT MASTER BEDROOM WINDOW(S),4085,Lumber
|34.14 OPT BEDROOM 2 WINDOW - WDWBR2,|34.14 OPT BEDROOM 2 WINDOW,4,,WDWBR2,WDWBR2,4085,Lumber,,,|34.14 OPT BEDROOM 2 WINDOW,WDWBR2,,,,|34.14 OPT BEDROOM 2 WINDOW,,,,|34,.14 OPT BEDROOM 2 WINDOW,4085,Lumber
|34.15 OPT BEDROOM 3 WINDOW - WDWBR3,|34.15 OPT BEDROOM 3 WINDOW,4,,WDWBR3,WDWBR3,4085,Lumber,,,|34.15 OPT BEDROOM 3 WINDOW,WDWBR3,,,,|34.15 OPT BEDROOM 3 WINDOW,,,,|34,.15 OPT BEDROOM 3 WINDOW,4085,Lumber
|34.16 OPT BATHROOM 2 WINDOW - WDWBA2,|34.16 OPT BATHROOM 2 WINDOW,4,,WDWBA2,WDWBA2,4085,Lumber,,,|34.16 OPT BATHROOM 2 WINDOW,WDWBA2,,,,|34.16 OPT BATHROOM 2 WINDOW,,,,|34,.16 OPT BATHROOM 2 WINDOW,4085,Lumber
|34.21 OPT DBA DELUXE MASTER BATH 1 - DBA,|34.21 OPT DBA DELUXE MASTER BATH 1,4,,DBA,DBA,4085,Lumber,,,|34.21 OPT DBA DELUXE MASTER BATH 1,DBA,,,,|34.21 OPT DBA DELUXE MASTER BATH 1,,,,|34,.21 OPT DBA DELUXE MASTER BATH 1,4085,Lumber
|34.22 OPT DBA2 DELUXE MASTER BATH 2 - DBA2,|34.22 OPT DBA2 DELUXE MASTER BATH 2,4,,DBA2,DBA2,4085,Lumber,,,|34.22 OPT DBA2 DELUXE MASTER BATH 2,DBA2,,,,|34.22 OPT DBA2 DELUXE MASTER BATH 2,,,,|34,.22 OPT DBA2 DELUXE MASTER BATH 2,4085,Lumber
|34.23 OPT DELUXE MBA1,|34.23 OPT DELUXE MBA1,4,,,,4085,Lumber,,,|34.23 OPT DELUXE MBA1,,,,,|34.23 OPT DELUXE MBA1,,,,|34,.23 OPT DELUXE MBA1,4085,Lumber
|34.24 OPT BEDROOM 4 - ABR4,|34.24 OPT BEDROOM 4,4,,ABR4,ABR4,4085,Lumber,,,|34.24 OPT BEDROOM 4,ABR4,,,,|34.24 OPT BEDROOM 4,,,,|34,.24 OPT BEDROOM 4,4085,Lumber
|34.24BCD OPT BEDROOM 4,|34.24 OPT BEDROOM 4,4,"B, C, D",,,4085,Lumber,,,|34.24BCD OPT BEDROOM 4,,,,,|34.24BCD OPT BEDROOM 4,,,,|34,.24BCD OPT BEDROOM 4,4085,Lumber
|34.25 OPT BEDROOM 5 - ABR5,|34.25 OPT BEDROOM 5,4,,ABR5,ABR5,4085,Lumber,,,|34.25 OPT BEDROOM 5,ABR5,,,,|34.25 OPT BEDROOM 5,,,,|34,.25 OPT BEDROOM 5,4085,Lumber
|34.25 OPT BEDROOM 5 - ABR5BA3,|34.25 OPT BEDROOM 5,4,,ABR5BA3,ABR5BA3,4085,Lumber,,,|34.25 OPT BEDROOM 5,ABR5BA3,,,,|34.25 OPT BEDROOM 5,,,,|34,.25 OPT BEDROOM 5,4085,Lumber
|34.25 OPT BEDROOM 5 - ABR5BA4,|34.25 OPT BEDROOM 5,4,,ABR5BA4,ABR5BA4,4085,Lumber,,,|34.25 OPT BEDROOM 5,ABR5BA4,,,,|34.25 OPT BEDROOM 5,,,,|34,.25 OPT BEDROOM 5,4085,Lumber
|34.26 OPT BEDROOM 6 - ABR6,|34.26 OPT BEDROOM 6,4,,ABR6,ABR6,4085,Lumber,,,|34.26 OPT BEDROOM 6,ABR6,,,,|34.26 OPT BEDROOM 6,,,,|34,.26 OPT BEDROOM 6,4085,Lumber
|34.26 OPT BEDROOM 6  W/ BATHROOM - ABR6,|34.26 OPT BEDROOM 6 W/ BATHROOM,4,,ABR6,ABR6,4085,Lumber,,,|34.26 OPT BEDROOM 6 W/ BATHROOM,ABR6,,,,|34.26 OPT BEDROOM 6 W/ BATHROOM,,,,|34,.26 OPT BEDROOM 6 W/ BATHROOM,4085,Lumber
|34.27 OPT MBR SITTING - SITTING,|34.27 OPT MBR SITTING,4,,SITTING,SITTING,4085,Lumber,,,|34.27 OPT MBR SITTING,SITTING,,,,|34.27 OPT MBR SITTING,,,,|34,.27 OPT MBR SITTING,4085,Lumber
|34.61 LOFT BECOMES BEDROOM ,|34.61 LOFT BECOMES BEDROOM,4,,,,4085,Lumber,,,|34.61 LOFT BECOMES BEDROOM,,,,,|34.61 LOFT BECOMES BEDROOM,,,,|34,.61 LOFT BECOMES BEDROOM,4085,Lumber
|34.62 OPT LOFT2 2ND FLOOR WALLS - LOFT2,|34.62 OPT LOFT2 2ND FLOOR WALLS,4,,LOFT2,LOFT2,4085,Lumber,,,|34.62 OPT LOFT2 2ND FLOOR WALLS,LOFT2,,,,|34.62 OPT LOFT2 2ND FLOOR WALLS,,,,|34,.62 OPT LOFT2 2ND FLOOR WALLS,4085,Lumber
|34.80 OPT RETREAT,|34.80 OPT RETREAT,4,,,,4085,Lumber,,,|34.80 OPT RETREAT,,,,,|34.80 OPT RETREAT,,,,|34,.80 OPT RETREAT,4085,Lumber
|34.80BCD OPT RETREAT,|34.80 OPT RETREAT,4,"B, C, D",,,4085,Lumber,,,|34.80BCD OPT RETREAT,,,,,|34.80BCD OPT RETREAT,,,,|34,.80BCD OPT RETREAT,4085,Lumber
|34.l 2ND FLOOR WALLS (LOFT) - ELVA - ELVB - ELVC,|34.l 2ND FLOOR WALLS (LOFT),4,"A, B, C",,"ELVA, ELVB, ELVC",4085,Lumber,,,|34.l 2ND FLOOR WALLS (LOFT),ELVA,ELVB,ELVC,,|34.l 2ND FLOOR WALLS (LOFT),,,,|34,.l 2ND FLOOR WALLS (LOFT),4085,Lumber
|34.nl 2ND FLOOR WALLS (NO LOFT) - ELVA - ELVB - ELVC,|34.nl 2ND FLOOR WALLS (NO LOFT),4,"A, B, C",,"ELVA, ELVB, ELVC",4085,Lumber,,,|34.nl 2ND FLOOR WALLS (NO LOFT),ELVA,ELVB,ELVC,,|34.nl 2ND FLOOR WALLS (NO LOFT),,,,|34,.nl 2ND FLOOR WALLS (NO LOFT),4085,Lumber
|34.9t 2ND FLOOR WALLS 9',|34.9t 2ND FLOOR WALLS 9',4,,,,4085,Lumber,,,|34.9t 2ND FLOOR WALLS 9',,,,,|34.9t 2ND FLOOR WALLS 9',,,,|34,.9t 2ND FLOOR WALLS 9',4085,Lumber
|34.9t 2ND WALLS  9' CEILING - 92L,|34.9t 2ND WALLS 9' CEILING,4,,92L,92L,4085,Lumber,,,|34.9t 2ND WALLS 9' CEILING,92L,,,,|34.9t 2ND WALLS 9' CEILING,,,,|34,.9t 2ND WALLS 9' CEILING,4085,Lumber
|34BCD 2ND FLOOR WALLS,|34 2ND FLOOR WALLS,4,"B, C, D",,,4085,Lumber,,,|34 2ND FLOOR WALLS,,,,,|34 2ND FLOOR WALLS,,,,|34,2ND FLOOR WALLS,4085,Lumber
|34C 2ND FLOOR WALLS,|34 2ND FLOOR WALLS,4,C,,,4085,Lumber,,,|34 2ND FLOOR WALLS,,,,,|34 2ND FLOOR WALLS,,,,|34,2ND FLOOR WALLS,4085,Lumber
|34D 2ND FLOOR WALLS,|34 2ND FLOOR WALLS,4,D,,,4085,Lumber,,,|34 2ND FLOOR WALLS,,,,,|34 2ND FLOOR WALLS,,,,|34,2ND FLOOR WALLS,4085,Lumber
|34rfBC 2ND FLOOR WALLS READYFRAME,|34rf 2ND FLOOR WALLS READYFRAME,4,"B, C",,,4085,Lumber,,,|34rfBC 2ND FLOOR WALLS READYFRAME,,,,,|34rfBC 2ND FLOOR WALLS READYFRAME,,,,|34,rfBC 2ND FLOOR WALLS READYFRAME,4085,Lumber
|34rfBCD 2ND FLOOR WALLS READYFRAME,|34rf 2ND FLOOR WALLS READYFRAME,4,"B, C, D",,,4085,Lumber,,,|34rfBCD 2ND FLOOR WALLS READYFRAME,,,,,|34rfBCD 2ND FLOOR WALLS READYFRAME,,,,|34,rfBCD 2ND FLOOR WALLS READYFRAME,4085,Lumber
|34rfD 2ND FLOOR WALLS READYFRAME,|34rf 2ND FLOOR WALLS READYFRAME,4,D,,,4085,Lumber,,,|34rfD 2ND FLOOR WALLS READYFRAME,,,,,|34rfD 2ND FLOOR WALLS READYFRAME,,,,|34,rfD 2ND FLOOR WALLS READYFRAME,4085,Lumber
|40 ROOF,|40 ROOF,5,,,,4085,Lumber,,,|40 ROOF,,,,,|40 ROOF,,,,|40,ROOF,4085,Lumber
|40.60x EXTENDED GREAT ROOM ROOF - XGREAT - WO2,|40.60x EXTENDED GREAT ROOM ROOF,5,,"XGREAT, WO2","XGREAT, WO2",4085,Lumber,,,|40.60x EXTENDED GREAT ROOM ROOF,XGREAT,WO2,,,|40.60x EXTENDED GREAT ROOM ROOF,,,,|40,.60x EXTENDED GREAT ROOM ROOF,4085,Lumber
|40.61 ROOF SUNROOM - SUN,|40.61 ROOF SUNROOM,5,,SUN,SUN,4085,Lumber,,,|40.61 ROOF SUNROOM,SUN,,,,|40.61 ROOF SUNROOM,,,,|40,.61 ROOF SUNROOM,4085,Lumber
|40.80ACD OPT BUILD-OUT ROOF - ELVA - ELVC - ELVD - G767,|40.80 OPT BUILD,5,"A, C, D","OUT ROOF, G767","OUT ROOF, ELVA, ELVC, ELVD, G767",4085,Lumber,,,#SPILL!,,,,,|40.80ACD OPT BUILD,,,,|40,.80ACD OPT BUILD,4085,Lumber
|40B ROOF,|40 ROOF,5,B,,,4085,Lumber,,,|40 ROOF,,,,,|40 ROOF,,,,|40,ROOF,4085,Lumber
|40BC ROOF,|40 ROOF,5,"B, C",,,4085,Lumber,,,|40 ROOF,,,,,|40 ROOF,,,,|40,ROOF,4085,Lumber
|40BCD ROOF,|40 ROOF,5,"B, C, D",,,4085,Lumber,,,|40 ROOF,,,,,|40 ROOF,,,,|40,ROOF,4085,Lumber
|40C ROOF,|40 ROOF,5,C,,,4085,Lumber,,,|40 ROOF,,,,,|40 ROOF,,,,|40,ROOF,4085,Lumber
|40D ROOF,|40 ROOF,5,D,,,4085,Lumber,,,|40 ROOF,,,,,|40 ROOF,,,,|40,ROOF,4085,Lumber
|40gsC ROOF GABLE SHEETING,|40gs ROOF GABLE SHEETING,5,,,,4085,Lumber,,,|40gsC ROOF GABLE SHEETING,,,,,|40gsC ROOF GABLE SHEETING,,,,|40,gsC ROOF GABLE SHEETING,4085,Lumber
|40gsD ROOF GABLE SHEETING,|40gs ROOF GABLE SHEETING,5,,,,4085,Lumber,,,|40gsD ROOF GABLE SHEETING,,,,,|40gsD ROOF GABLE SHEETING,,,,|40,gsD ROOF GABLE SHEETING,4085,Lumber
|42.4AB OPT 4 CAR GARAGE TANDEM ROOF - 3CARTA - 3CARTB,|42.4 OPT 4 CAR GARAGE TANDEM ROOF,5,"A, B","3CARTA, 3CARTB","3CARTA, 3CARTB",4085,Lumber,,,|42.4AB OPT 4 CAR GARAGE TANDEM ROOF,3CARTA,3CARTB,,,|42.4AB OPT 4 CAR GARAGE TANDEM ROOF,,,,|42,.4AB OPT 4 CAR GARAGE TANDEM ROOF,4085,Lumber
|42.4C OPT 4 CAR GARAGE TANDEM ROOF - 3CARTC,|42.4 OPT 4 CAR GARAGE TANDEM ROOF,5,C,3CARTC,3CARTC,4085,Lumber,,,|42.4C OPT 4 CAR GARAGE TANDEM ROOF,3CARTC,,,,|42.4C OPT 4 CAR GARAGE TANDEM ROOF,,,,|42,.4C OPT 4 CAR GARAGE TANDEM ROOF,4085,Lumber
|42.4xA OPT 2 CAR GARAGE 4' EXT ROOF - 2CAR4XA,|42.4x OPT 2 CAR GARAGE 4' EXT ROOF,5,,2CAR4XA,2CAR4XA,4085,Lumber,,,|42.4xA OPT 2 CAR GARAGE 4' EXT ROOF,2CAR4XA,,,,|42.4xA OPT 2 CAR GARAGE 4' EXT ROOF,,,,|42,.4xA OPT 2 CAR GARAGE 4' EXT ROOF,4085,Lumber
|42.4xB OPT 2 CAR GARAGE 4' EXT ROOF - 2CAR4XB,|42.4x OPT 2 CAR GARAGE 4' EXT ROOF,5,,2CAR4XB,2CAR4XB,4085,Lumber,,,|42.4xB OPT 2 CAR GARAGE 4' EXT ROOF,2CAR4XB,,,,|42.4xB OPT 2 CAR GARAGE 4' EXT ROOF,,,,|42,.4xB OPT 2 CAR GARAGE 4' EXT ROOF,4085,Lumber
|42.4xC OPT 2 CAR GARAGE 4' EXT ROOF - 2CAR4XC,|42.4x OPT 2 CAR GARAGE 4' EXT ROOF,5,,2CAR4XC,2CAR4XC,4085,Lumber,,,|42.4xC OPT 2 CAR GARAGE 4' EXT ROOF,2CAR4XC,,,,|42.4xC OPT 2 CAR GARAGE 4' EXT ROOF,,,,|42,.4xC OPT 2 CAR GARAGE 4' EXT ROOF,4085,Lumber
|42.x4AB OPT 2 CAR GARAGE 4' EXT ROOF - 2CAR4XA - 2CAR4XB,|42.x4 OPT 2 CAR GARAGE 4' EXT ROOF,5,"A, B","2CAR4XA, 2CAR4XB","2CAR4XA, 2CAR4XB",4085,Lumber,,,|42.x4AB OPT 2 CAR GARAGE 4' EXT ROOF,2CAR4XA,2CAR4XB,,,|42.x4AB OPT 2 CAR GARAGE 4' EXT ROOF,,,,|42,.x4AB OPT 2 CAR GARAGE 4' EXT ROOF,4085,Lumber
|42.x4C OPT 2 CAR GARAGE 4' EXT ROOF - 2CAR4XC,|42.x4 OPT 2 CAR GARAGE 4' EXT ROOF,5,C,2CAR4XC,2CAR4XC,4085,Lumber,,,|42.x4C OPT 2 CAR GARAGE 4' EXT ROOF,2CAR4XC,,,,|42.x4C OPT 2 CAR GARAGE 4' EXT ROOF,,,,|42,.x4C OPT 2 CAR GARAGE 4' EXT ROOF,4085,Lumber
|42.x5AB OPT 2 CAR GARAGE 5' EXT ROOF -2CAR5XA - 2CAR5XB,|42.x5 OPT 2 CAR GARAGE 5' EXT ROOF,5,"A, B","2CAR5XA, 2CAR5XB","2CAR5XA, 2CAR5XB",4085,Lumber,,,|42.x5AB OPT 2 CAR GARAGE 5' EXT ROOF,2CAR5XA,2CAR5XB,,,|42.x5AB OPT 2 CAR GARAGE 5' EXT ROOF,,,,|42,.x5AB OPT 2 CAR GARAGE 5' EXT ROOF,4085,Lumber
|42.x5C OPT 2 CAR GARAGE 5' EXT ROOF - 2CAR5XC,|42.x5 OPT 2 CAR GARAGE 5' EXT ROOF,5,C,2CAR5XC,2CAR5XC,4085,Lumber,,,|42.x5C OPT 2 CAR GARAGE 5' EXT ROOF,2CAR5XC,,,,|42.x5C OPT 2 CAR GARAGE 5' EXT ROOF,,,,|42,.x5C OPT 2 CAR GARAGE 5' EXT ROOF,4085,Lumber
|42A OPT 3RD CAR GARAGE ROOF - 3CARA,|42 OPT 3RD CAR GARAGE ROOF,5,A,3CARA,3CARA,4085,Lumber,,,|42 OPT 3RD CAR GARAGE ROOF,3CARA,,,,|42 OPT 3RD CAR GARAGE ROOF,,,,|42,OPT 3RD CAR GARAGE ROOF,4085,Lumber
|42AB OPT 3RD CAR GARAGE ROOF - 3CARA - 3CARB,|42 OPT 3RD CAR GARAGE ROOF,5,"A, B","3CARA, 3CARB","3CARA, 3CARB",4085,Lumber,,,|42 OPT 3RD CAR GARAGE ROOF,3CARA,3CARB,,,|42 OPT 3RD CAR GARAGE ROOF,,,,|42,OPT 3RD CAR GARAGE ROOF,4085,Lumber
|42BCD 3RD CAR GARAGE ROOF ,|42 3RD CAR GARAGE ROOF,5,"B, C, D",,,4085,Lumber,,,|42 3RD CAR GARAGE ROOF,,,,,|42 3RD CAR GARAGE ROOF,,,,|42,3RD CAR GARAGE ROOF,4085,Lumber
|42BD 3RD CAR GARAGE ROOF ,|42 3RD CAR GARAGE ROOF,5,"B, D",,,4085,Lumber,,,|42 3RD CAR GARAGE ROOF,,,,,|42 3RD CAR GARAGE ROOF,,,,|42,3RD CAR GARAGE ROOF,4085,Lumber
|42C 3RD CAR GARAGE ROOF ,|42 3RD CAR GARAGE ROOF,5,C,,,4085,Lumber,,,|42 3RD CAR GARAGE ROOF,,,,,|42 3RD CAR GARAGE ROOF,,,,|42,3RD CAR GARAGE ROOF,4085,Lumber
|43 COVERED PATIO ROOF - COVP,|43 COVERED PATIO ROOF,5,,COVP,COVP,4085,Lumber,,,|43 COVERED PATIO ROOF,COVP,,,,|43 COVERED PATIO ROOF,,,,|43,COVERED PATIO ROOF,4085,Lumber
|43.1 OPT COVERED PATIO 1 ROOF,|43.1 OPT COVERED PATIO 1 ROOF,5,,,,4085,Lumber,,,|43.1 OPT COVERED PATIO 1 ROOF,,,,,|43.1 OPT COVERED PATIO 1 ROOF,,,,|43,.1 OPT COVERED PATIO 1 ROOF,4085,Lumber
|43.2 OPT COVERED PATIO 2 ROOF,|43.2 OPT COVERED PATIO 2 ROOF,5,,,,4085,Lumber,,,|43.2 OPT COVERED PATIO 2 ROOF,,,,,|43.2 OPT COVERED PATIO 2 ROOF,,,,|43,.2 OPT COVERED PATIO 2 ROOF,4085,Lumber
|43.3 OPT COVERED PATIO 2 ROOF - COVD3 - COVP3,|43.3 OPT COVERED PATIO 2 ROOF,5,,"COVD3, COVP3","COVD3, COVP3",4085,Lumber,,,|43.3 OPT COVERED PATIO 2 ROOF,COVD3,COVP3,,,|43.3 OPT COVERED PATIO 2 ROOF,,,,|43,.3 OPT COVERED PATIO 2 ROOF,4085,Lumber
|43.61 SUNROOM COVERED PATIO ROOF - COVPSN1,|43.61 SUNROOM COVERED PATIO ROOF,5,,COVPSN1,COVPSN1,4085,Lumber,,,|43.61 SUNROOM COVERED PATIO ROOF,COVPSN1,,,,|43.61 SUNROOM COVERED PATIO ROOF,,,,|43,.61 SUNROOM COVERED PATIO ROOF,4085,Lumber
|43.sr COVERED PATIO @ SUNROOM ROOF - ELVA - ELVB - ELVC - COVPSN1 - COVD1SN,|43.sr COVERED PATIO @ SUNROOM ROOF,5,"A, B, C","COVPSN1, COVD1SN","ELVA, ELVB, ELVC, COVPSN1, COVD1SN",4085,Lumber,,,#SPILL!,,,,,|43.sr COVERED PATIO @ SUNROOM ROOF,,,,|43,.sr COVERED PATIO @ SUNROOM ROOF,4085,Lumber
|43.x EXTENDED COVERED PATIO ROOF - COVPX,|43.x EXTENDED COVERED PATIO ROOF,5,,COVPX,COVPX,4085,Lumber,,,|43.x EXTENDED COVERED PATIO ROOF,COVPX,,,,|43.x EXTENDED COVERED PATIO ROOF,,,,|43,.x EXTENDED COVERED PATIO ROOF,4085,Lumber
|45 EXT COVERED PATIO,|45 EXT COVERED PATIO,5,,,,4085,Lumber,,,|45 EXT COVERED PATIO,,,,,|45 EXT COVERED PATIO,,,,|45,EXT COVERED PATIO,4085,Lumber
|45.1 OPT COVERED DECK ROOF - COVD,|45.1 OPT COVERED DECK ROOF,5,,COVD,COVD,4085,Lumber,,,|45.1 OPT COVERED DECK ROOF,COVD,,,,|45.1 OPT COVERED DECK ROOF,,,,|45,.1 OPT COVERED DECK ROOF,4085,Lumber
|45.2 OPT COVERED DECK 2 ROOF - COVD2,|45.2 OPT COVERED DECK 2 ROOF,5,,COVD2,COVD2,4085,Lumber,,,|45.2 OPT COVERED DECK 2 ROOF,COVD2,,,,|45.2 OPT COVERED DECK 2 ROOF,,,,|45,.2 OPT COVERED DECK 2 ROOF,4085,Lumber
|45.3 OPT COVERED DECK ROOF - COVD3,|45.3 OPT COVERED DECK ROOF,5,,COVD3,COVD3,4085,Lumber,,,|45.3 OPT COVERED DECK ROOF,COVD3,,,,|45.3 OPT COVERED DECK ROOF,,,,|45,.3 OPT COVERED DECK ROOF,4085,Lumber
|58 HOUSEWRAP,|58 HOUSEWRAP,6,,,,4155,Siding,,,|58 HOUSEWRAP,,,,,|58 HOUSEWRAP,,,,|58,HOUSEWRAP,4155,Siding
|58BCD HOUSEWRAP,|58 HOUSEWRAP,6,"B, C, D",,,4155,Siding,,,|58 HOUSEWRAP,,,,,|58 HOUSEWRAP,,,,|58,HOUSEWRAP,4155,Siding
|58CD HOUSEWRAP,|58 HOUSEWRAP,6,"C, D",,,4155,Siding,,,|58 HOUSEWRAP,,,,,|58 HOUSEWRAP,,,,|58,HOUSEWRAP,4155,Siding
|60.02 OPT GREAT ROOM WINDOWS SIDING - WDWGREAT,|60.02 OPT GREAT ROOM WINDOWS SIDING,7,,WDWGREAT,WDWGREAT,4155,Siding,,,|60.02 OPT GREAT ROOM WINDOWS SIDING,WDWGREAT,,,,|60.02 OPT GREAT ROOM WINDOWS SIDING,,,,|60,.02 OPT GREAT ROOM WINDOWS SIDING,4155,Siding
|60.02a OPT ALT GREAT ROOM WINDOWS W/ FIREPLACE - WDWGRALT,|60.02a OPT ALT GREAT ROOM WINDOWS W/ FIREPLACE,7,,WDWGRALT,WDWGRALT,4155,Siding,,,|60.02a OPT ALT GREAT ROOM WINDOWS W/ FIREPLACE,WDWGRALT,,,,|60.02a OPT ALT GREAT ROOM WINDOWS W/ FIREPLACE,,,,|60,.02a OPT ALT GREAT ROOM WINDOWS W/ FIREPLACE,4155,Siding
|60.02x OPT GREAT ROOM WINDOW(S) @ EXT GRT RM SIDING - WDWGRTX,|60.02x OPT GREAT ROOM WINDOW(S) @ EXT GRT RM SIDING,7,,WDWGRTX,WDWGRTX,4155,Siding,,,|60.02x OPT GREAT ROOM WINDOW(S) @ EXT GRT RM SIDING,WDWGRTX,,,,|60.02x OPT GREAT ROOM WINDOW(S) @ EXT GRT RM SIDING,,,,|60,.02x OPT GREAT ROOM WINDOW(S) @ EXT GRT RM SIDING,4155,Siding
|60.11 OPT MASTER BEDROOM WINDOWS SIDING - WDWMBR,|60.11 OPT MASTER BEDROOM WINDOWS SIDING,7,,WDWMBR,WDWMBR,4155,Siding,,,|60.11 OPT MASTER BEDROOM WINDOWS SIDING,WDWMBR,,,,|60.11 OPT MASTER BEDROOM WINDOWS SIDING,,,,|60,.11 OPT MASTER BEDROOM WINDOWS SIDING,4155,Siding
|60.12 OPT CENTER MEET DOOR SIDING - MSLIDE1,|60.12 OPT CENTER MEET DOOR SIDING,7,,MSLIDE1,MSLIDE1,4155,Siding,,,|60.12 OPT CENTER MEET DOOR SIDING,MSLIDE1,,,,|60.12 OPT CENTER MEET DOOR SIDING,,,,|60,.12 OPT CENTER MEET DOOR SIDING,4155,Siding
|60.13 OPT 12' MULTI-SLIDE DOOR SIDING - MSLIDE2,|60.13 OPT 12' MULTI,7,,"SLIDE DOOR SIDING, MSLIDE2","SLIDE DOOR SIDING, MSLIDE2",4155,Siding,,,|60.13 OPT 12' MULTI,SLIDE DOOR SIDING,MSLIDE2,,,|60.13 OPT 12' MULTI,,,,|60,.13 OPT 12' MULTI,4155,Siding
|60.14 OPT BEDROOM 2 WINDOW SIDING - WDWBR2,|60.14 OPT BEDROOM 2 WINDOW SIDING,7,,WDWBR2,WDWBR2,4155,Siding,,,|60.14 OPT BEDROOM 2 WINDOW SIDING,WDWBR2,,,,|60.14 OPT BEDROOM 2 WINDOW SIDING,,,,|60,.14 OPT BEDROOM 2 WINDOW SIDING,4155,Siding
|60.15 OPT BEDROOM 3 WINDOW SIDING - WDWBR3,|60.15 OPT BEDROOM 3 WINDOW SIDING,7,,WDWBR3,WDWBR3,4155,Siding,,,|60.15 OPT BEDROOM 3 WINDOW SIDING,WDWBR3,,,,|60.15 OPT BEDROOM 3 WINDOW SIDING,,,,|60,.15 OPT BEDROOM 3 WINDOW SIDING,4155,Siding
|60.16 OPT BEDROOM 4 WINDOW SIDING - WDWBR4,|60.16 OPT BEDROOM 4 WINDOW SIDING,7,,WDWBR4,WDWBR4,4155,Siding,,,|60.16 OPT BEDROOM 4 WINDOW SIDING,WDWBR4,,,,|60.16 OPT BEDROOM 4 WINDOW SIDING,,,,|60,.16 OPT BEDROOM 4 WINDOW SIDING,4155,Siding
|60.17 OPT BEDROOM 5 WINDOW SIDING - WDWBR5,|60.17 OPT BEDROOM 5 WINDOW SIDING,7,,WDWBR5,WDWBR5,4155,Siding,,,|60.17 OPT BEDROOM 5 WINDOW SIDING,WDWBR5,,,,|60.17 OPT BEDROOM 5 WINDOW SIDING,,,,|60,.17 OPT BEDROOM 5 WINDOW SIDING,4155,Siding
|60.19 OPT STUDY WINDOW SIDING - WDWSTUDY,|60.19 OPT STUDY WINDOW SIDING,7,,WDWSTUDY,WDWSTUDY,4155,Siding,,,|60.19 OPT STUDY WINDOW SIDING,WDWSTUDY,,,,|60.19 OPT STUDY WINDOW SIDING,,,,|60,.19 OPT STUDY WINDOW SIDING,4155,Siding
|60.21 OPT DBA DELUXE MASTER BATH 1  SIDING - DBA,|60.21 OPT DBA DELUXE MASTER BATH 1 SIDING,7,,DBA,DBA,4155,Siding,,,|60.21 OPT DBA DELUXE MASTER BATH 1 SIDING,DBA,,,,|60.21 OPT DBA DELUXE MASTER BATH 1 SIDING,,,,|60,.21 OPT DBA DELUXE MASTER BATH 1 SIDING,4155,Siding
|60.22 OPT DBA2 DELUXE MASTER BATH 2 SIDING - DBA2,|60.22 OPT DBA2 DELUXE MASTER BATH 2 SIDING,7,,DBA2,DBA2,4155,Siding,,,|60.22 OPT DBA2 DELUXE MASTER BATH 2 SIDING,DBA2,,,,|60.22 OPT DBA2 DELUXE MASTER BATH 2 SIDING,,,,|60,.22 OPT DBA2 DELUXE MASTER BATH 2 SIDING,4155,Siding
|60.24 OPT BEDROOM 4 SIDING - ABR4BA,|60.24 OPT BEDROOM 4 SIDING,7,,ABR4BA,ABR4BA,4155,Siding,,,|60.24 OPT BEDROOM 4 SIDING,ABR4BA,,,,|60.24 OPT BEDROOM 4 SIDING,,,,|60,.24 OPT BEDROOM 4 SIDING,4155,Siding
|60.27 OPT MBR SITTING SIDING - SITTING,|60.27 OPT MBR SITTING SIDING,7,,SITTING,SITTING,4155,Siding,,,|60.27 OPT MBR SITTING SIDING,SITTING,,,,|60.27 OPT MBR SITTING SIDING,,,,|60,.27 OPT MBR SITTING SIDING,4155,Siding
|60.60x EXTENDED GREAT ROOM SIDING - XGREAT - WO2,|60.60x EXTENDED GREAT ROOM SIDING,7,,"XGREAT, WO2","XGREAT, WO2",4155,Siding,,,|60.60x EXTENDED GREAT ROOM SIDING,XGREAT,WO2,,,|60.60x EXTENDED GREAT ROOM SIDING,,,,|60,.60x EXTENDED GREAT ROOM SIDING,4155,Siding
|60.61 SIDING SUNROOM - SUN,|60.61 SIDING SUNROOM,7,,SUN,SUN,4155,Siding,,,|60.61 SIDING SUNROOM,SUN,,,,|60.61 SIDING SUNROOM,,,,|60,.61 SIDING SUNROOM,4155,Siding
|60.80CD OPT BUILD-OUT WALL SIDING - ELVC - ELVD - G767,|60.80 OPT BUILD,7,"C, D","OUT WALL SIDING, G767","OUT WALL SIDING, ELVC, ELVD, G767",4155,Siding,,,|60.80CD OPT BUILD,OUT WALL SIDING,ELVC,ELVD,G767,|60.80CD OPT BUILD,,,,|60,.80CD OPT BUILD,4155,Siding
|60.pr PORCH RAIL - PORRAIL,|60.pr PORCH RAIL,7,,PORRAIL,PORRAIL,4155,Siding,,,|60.pr PORCH RAIL,PORRAIL,,,,|60.pr PORCH RAIL,,,,|60,.pr PORCH RAIL,4155,Siding
|60.pwA EXTERIOR POST WRAP - ELVA,|60.pw EXTERIOR POST WRAP,7 or 8,A,,ELVA,4155,Siding,,,|60.pwA EXTERIOR POST WRAP,ELVA,,,,|60.pwA EXTERIOR POST WRAP,,,,|60,.pwA EXTERIOR POST WRAP,4155,Siding
|60.tc SIDING - TLLCRWL,|60.tc SIDING,7,,TLLCRWL,TLLCRWL,4155,Siding,,,|60.tc SIDING,TLLCRWL,,,,|60.tc SIDING,,,,|60,.tc SIDING,4155,Siding
|60B EXTERIOR TRIM AND SIDING,|60 EXTERIOR TRIM AND SIDING,7,B,,,4155,Siding,,,|60 EXTERIOR TRIM AND SIDING,,,,,|60 EXTERIOR TRIM AND SIDING,,,,|60,EXTERIOR TRIM AND SIDING,4155,Siding
|60BCD EXTERIOR TRIM AND SIDING,|60 EXTERIOR TRIM AND SIDING,7,"B, C, D",,,4155,Siding,,,|60 EXTERIOR TRIM AND SIDING,,,,,|60 EXTERIOR TRIM AND SIDING,,,,|60,EXTERIOR TRIM AND SIDING,4155,Siding
|60C EXTERIOR TRIM AND SIDING,|60 EXTERIOR TRIM AND SIDING,7,C,,,4155,Siding,,,|60 EXTERIOR TRIM AND SIDING,,,,,|60 EXTERIOR TRIM AND SIDING,,,,|60,EXTERIOR TRIM AND SIDING,4155,Siding
|60D EXTERIOR TRIM AND SIDING,|60 EXTERIOR TRIM AND SIDING,7,D,,,4155,Siding,,,|60 EXTERIOR TRIM AND SIDING,,,,,|60 EXTERIOR TRIM AND SIDING,,,,|60,EXTERIOR TRIM AND SIDING,4155,Siding
|60ecB EXTERIOR TRIM AND SIDING CORNER ENHANCED ,|60ec EXTERIOR TRIM AND SIDING CORNER ENHANCED,7,,,,4155,Siding,,,|60ecB EXTERIOR TRIM AND SIDING CORNER ENHANCED,,,,,|60ecB EXTERIOR TRIM AND SIDING CORNER ENHANCED,,,,|60,ecB EXTERIOR TRIM AND SIDING CORNER ENHANCED,4155,Siding
|60ecC EXTERIOR TRIM AND SIDING CORNER ENHANCED ,|60ec EXTERIOR TRIM AND SIDING CORNER ENHANCED,7,,,,4155,Siding,,,|60ecC EXTERIOR TRIM AND SIDING CORNER ENHANCED,,,,,|60ecC EXTERIOR TRIM AND SIDING CORNER ENHANCED,,,,|60,ecC EXTERIOR TRIM AND SIDING CORNER ENHANCED,4155,Siding
|60ecD EXTERIOR TRIM AND SIDING CORNER ENHANCED ,|60ec EXTERIOR TRIM AND SIDING CORNER ENHANCED,7,,,,4155,Siding,,,|60ecD EXTERIOR TRIM AND SIDING CORNER ENHANCED,,,,,|60ecD EXTERIOR TRIM AND SIDING CORNER ENHANCED,,,,|60,ecD EXTERIOR TRIM AND SIDING CORNER ENHANCED,4155,Siding
|60erB EXTERIOR TRIM AND SIDING REAR ENHANCED ,|60er EXTERIOR TRIM AND SIDING REAR ENHANCED,7,,,,4155,Siding,,,|60erB EXTERIOR TRIM AND SIDING REAR ENHANCED,,,,,|60erB EXTERIOR TRIM AND SIDING REAR ENHANCED,,,,|60,erB EXTERIOR TRIM AND SIDING REAR ENHANCED,4155,Siding
|60erC EXTERIOR TRIM AND SIDING REAR ENHANCED ,|60er EXTERIOR TRIM AND SIDING REAR ENHANCED,7,,,,4155,Siding,,,|60erC EXTERIOR TRIM AND SIDING REAR ENHANCED,,,,,|60erC EXTERIOR TRIM AND SIDING REAR ENHANCED,,,,|60,erC EXTERIOR TRIM AND SIDING REAR ENHANCED,4155,Siding
|60erD EXTERIOR TRIM AND SIDING REAR ENHANCED ,|60er EXTERIOR TRIM AND SIDING REAR ENHANCED,7,,,,4155,Siding,,,|60erD EXTERIOR TRIM AND SIDING REAR ENHANCED,,,,,|60erD EXTERIOR TRIM AND SIDING REAR ENHANCED,,,,|60,erD EXTERIOR TRIM AND SIDING REAR ENHANCED,4155,Siding
|60fwC FAUX WOOD ,|60fw FAUX WOOD,7,,,,4155,Siding,,,|60fwC FAUX WOOD,,,,,|60fwC FAUX WOOD,,,,|60,fwC FAUX WOOD,4155,Siding
|60mB EXTERIOR TRIM AND SIDING MASONRY ,|60m EXTERIOR TRIM AND SIDING MASONRY,7,,,,4155,Siding,,,|60mB EXTERIOR TRIM AND SIDING MASONRY,,,,,|60mB EXTERIOR TRIM AND SIDING MASONRY,,,,|60,mB EXTERIOR TRIM AND SIDING MASONRY,4155,Siding
|60pwBCD EXTERIOR POST WRAP,|60pw EXTERIOR POST WRAP,7 or 8,,,,4155,Siding,,,|60pwBCD EXTERIOR POST WRAP,,,,,|60pwBCD EXTERIOR POST WRAP,,,,|60,pwBCD EXTERIOR POST WRAP,4155,Siding
|62.4A 4 CAR GARAGE TANDEM SIDING AND TRIM - 3CARTA,|62.4 4 CAR GARAGE TANDEM SIDING AND TRIM,7,A,3CARTA,3CARTA,4155,Siding,,,|62.4A 4 CAR GARAGE TANDEM SIDING AND TRIM,3CARTA,,,,|62.4A 4 CAR GARAGE TANDEM SIDING AND TRIM,,,,|62,.4A 4 CAR GARAGE TANDEM SIDING AND TRIM,4155,Siding
|62.4B 4 CAR GARAGE TANDEM SIDING AND TRIM - 3CARTB,|62.4 4 CAR GARAGE TANDEM SIDING AND TRIM,7,B,3CARTB,3CARTB,4155,Siding,,,|62.4B 4 CAR GARAGE TANDEM SIDING AND TRIM,3CARTB,,,,|62.4B 4 CAR GARAGE TANDEM SIDING AND TRIM,,,,|62,.4B 4 CAR GARAGE TANDEM SIDING AND TRIM,4155,Siding
|62.4C 4 CAR GARAGE TANDEM SIDING AND TRIM - 3CARTC,|62.4 4 CAR GARAGE TANDEM SIDING AND TRIM,7,C,3CARTC,3CARTC,4155,Siding,,,|62.4C 4 CAR GARAGE TANDEM SIDING AND TRIM,3CARTC,,,,|62.4C 4 CAR GARAGE TANDEM SIDING AND TRIM,,,,|62,.4C 4 CAR GARAGE TANDEM SIDING AND TRIM,4155,Siding
|62.4xA OPT 2 CAR GARAGE 4' EXT SIDING AND TRIM - 2CAR4XA,|62.4x OPT 2 CAR GARAGE 4' EXT SIDING AND TRIM,7,,2CAR4XA,2CAR4XA,4155,Siding,,,|62.4xA OPT 2 CAR GARAGE 4' EXT SIDING AND TRIM,2CAR4XA,,,,|62.4xA OPT 2 CAR GARAGE 4' EXT SIDING AND TRIM,,,,|62,.4xA OPT 2 CAR GARAGE 4' EXT SIDING AND TRIM,4155,Siding
|62.4xB OPT 2 CAR GARAGE 4' EXT SIDING AND TRIM - 2CAR4XB,|62.4x OPT 2 CAR GARAGE 4' EXT SIDING AND TRIM,7,,2CAR4XB,2CAR4XB,4155,Siding,,,|62.4xB OPT 2 CAR GARAGE 4' EXT SIDING AND TRIM,2CAR4XB,,,,|62.4xB OPT 2 CAR GARAGE 4' EXT SIDING AND TRIM,,,,|62,.4xB OPT 2 CAR GARAGE 4' EXT SIDING AND TRIM,4155,Siding
|62.4xC OPT 2 CAR GARAGE 4' EXT SIDING AND TRIM - 2CAR4XC,|62.4x OPT 2 CAR GARAGE 4' EXT SIDING AND TRIM,7,,2CAR4XC,2CAR4XC,4155,Siding,,,|62.4xC OPT 2 CAR GARAGE 4' EXT SIDING AND TRIM,2CAR4XC,,,,|62.4xC OPT 2 CAR GARAGE 4' EXT SIDING AND TRIM,,,,|62,.4xC OPT 2 CAR GARAGE 4' EXT SIDING AND TRIM,4155,Siding
|62.x4A OPT 2 CAR GARAGE 4' EXT SIDING AND TRIM - 2CAR4XA,|62.x4 OPT 2 CAR GARAGE 4' EXT SIDING AND TRIM,7,A,2CAR4XA,2CAR4XA,4155,Siding,,,|62.x4A OPT 2 CAR GARAGE 4' EXT SIDING AND TRIM,2CAR4XA,,,,|62.x4A OPT 2 CAR GARAGE 4' EXT SIDING AND TRIM,,,,|62,.x4A OPT 2 CAR GARAGE 4' EXT SIDING AND TRIM,4155,Siding
|62.x5A 2 CAR GARAGE 5' EXT. SIDING AND TRIM - ELVA - 2CAR5XA,|62.x5 2 CAR GARAGE 5' EXT. SIDING AND TRIM,7,A,2CAR5XA,"ELVA, 2CAR5XA",4155,Siding,,,|62.x5A 2 CAR GARAGE 5' EXT. SIDING AND TRIM,ELVA,2CAR5XA,,,|62.x5A 2 CAR GARAGE 5' EXT. SIDING AND TRIM,,,,|62,.x5A 2 CAR GARAGE 5' EXT. SIDING AND TRIM,4155,Siding
|62.x5B 2 CAR GARAGE 5' EXT. SIDING AND TRIM - ELVB - 2CAR5XB,|62.x5 2 CAR GARAGE 5' EXT. SIDING AND TRIM,7,B,2CAR5XB,"ELVB, 2CAR5XB",4155,Siding,,,|62.x5B 2 CAR GARAGE 5' EXT. SIDING AND TRIM,ELVB,2CAR5XB,,,|62.x5B 2 CAR GARAGE 5' EXT. SIDING AND TRIM,,,,|62,.x5B 2 CAR GARAGE 5' EXT. SIDING AND TRIM,4155,Siding
|62.x5C 2 CAR GARAGE 5' EXT. SIDING AND TRIM - ELVC - 2CAR5XC,|62.x5 2 CAR GARAGE 5' EXT. SIDING AND TRIM,7,C,2CAR5XC,"ELVC, 2CAR5XC",4155,Siding,,,|62.x5C 2 CAR GARAGE 5' EXT. SIDING AND TRIM,ELVC,2CAR5XC,,,|62.x5C 2 CAR GARAGE 5' EXT. SIDING AND TRIM,,,,|62,.x5C 2 CAR GARAGE 5' EXT. SIDING AND TRIM,4155,Siding
|62.xB OPT 2 CAR GARAGE 4' EXT SIDING AND TRIM - 2CAR4XB,|62.x OPT 2 CAR GARAGE 4' EXT SIDING AND TRIM,7,,2CAR4XB,2CAR4XB,4155,Siding,,,|62.xB OPT 2 CAR GARAGE 4' EXT SIDING AND TRIM,2CAR4XB,,,,|62.xB OPT 2 CAR GARAGE 4' EXT SIDING AND TRIM,,,,|62,.xB OPT 2 CAR GARAGE 4' EXT SIDING AND TRIM,4155,Siding
|62.xC OPT 2 CAR GARAGE 4' EXT SIDING AND TRIM - 2CAR4XC,|62.x OPT 2 CAR GARAGE 4' EXT SIDING AND TRIM,7,,2CAR4XC,2CAR4XC,4155,Siding,,,|62.xC OPT 2 CAR GARAGE 4' EXT SIDING AND TRIM,2CAR4XC,,,,|62.xC OPT 2 CAR GARAGE 4' EXT SIDING AND TRIM,,,,|62,.xC OPT 2 CAR GARAGE 4' EXT SIDING AND TRIM,4155,Siding
|62A 3RD CAR GARAGE SIDING AND TRIM - 3CARA,|62 3RD CAR GARAGE SIDING AND TRIM,7,A,3CARA,3CARA,4155,Siding,,,|62 3RD CAR GARAGE SIDING AND TRIM,3CARA,,,,|62 3RD CAR GARAGE SIDING AND TRIM,,,,|62,3RD CAR GARAGE SIDING AND TRIM,4155,Siding
|62A OPT 3CAR EXTERIOR TRIM AND SIDING - ELVA - 3CARA,|62 OPT 3CAR EXTERIOR TRIM AND SIDING,7,A,3CARA,"ELVA, 3CARA",4155,Siding,,,|62 OPT 3CAR EXTERIOR TRIM AND SIDING,ELVA,3CARA,,,|62 OPT 3CAR EXTERIOR TRIM AND SIDING,,,,|62,OPT 3CAR EXTERIOR TRIM AND SIDING,4155,Siding
|62B 3RD CAR GARAGE SIDING AND TRIM ,|62 3RD CAR GARAGE SIDING AND TRIM,7,B,,,4155,Siding,,,|62 3RD CAR GARAGE SIDING AND TRIM,,,,,|62 3RD CAR GARAGE SIDING AND TRIM,,,,|62,3RD CAR GARAGE SIDING AND TRIM,4155,Siding
|62B 3RD CAR GARAGE SIDING AND TRIM - 3CARB,|62 3RD CAR GARAGE SIDING AND TRIM,7,B,3CARB,3CARB,4155,Siding,,,|62 3RD CAR GARAGE SIDING AND TRIM,3CARB,,,,|62 3RD CAR GARAGE SIDING AND TRIM,,,,|62,3RD CAR GARAGE SIDING AND TRIM,4155,Siding
|62B 3RD CAR GARAGE SIDING AND TRIM - ELVB - 3CARB,|62 3RD CAR GARAGE SIDING AND TRIM,7,B,3CARB,"ELVB, 3CARB",4155,Siding,,,|62 3RD CAR GARAGE SIDING AND TRIM,ELVB,3CARB,,,|62 3RD CAR GARAGE SIDING AND TRIM,,,,|62,3RD CAR GARAGE SIDING AND TRIM,4155,Siding
|62B 3RD CAR GARAGE SIDING AND TRIM- 3CARB,|62 3RD CAR GARAGE SIDING AND TRIM,7,B,3CARB,3CARB,4155,Siding,,,|62 3RD CAR GARAGE SIDING AND TRIM,3CARB,,,,|62 3RD CAR GARAGE SIDING AND TRIM,,,,|62,3RD CAR GARAGE SIDING AND TRIM,4155,Siding
|62B OPT 3CAR EXTERIOR TRIM AND SIDING - ELVB - 3CARB,|62 OPT 3CAR EXTERIOR TRIM AND SIDING,7,B,3CARB,"ELVB, 3CARB",4155,Siding,,,|62 OPT 3CAR EXTERIOR TRIM AND SIDING,ELVB,3CARB,,,|62 OPT 3CAR EXTERIOR TRIM AND SIDING,,,,|62,OPT 3CAR EXTERIOR TRIM AND SIDING,4155,Siding
|62BCD 3RD CAR GARAGE SIDING AND TRIM ,|62 3RD CAR GARAGE SIDING AND TRIM,7,"B, C, D",,,4155,Siding,,,|62 3RD CAR GARAGE SIDING AND TRIM,,,,,|62 3RD CAR GARAGE SIDING AND TRIM,,,,|62,3RD CAR GARAGE SIDING AND TRIM,4155,Siding
|62BD 3RD CAR GARAGE SIDING AND TRIM ,|62 3RD CAR GARAGE SIDING AND TRIM,7,"B, D",,,4155,Siding,,,|62 3RD CAR GARAGE SIDING AND TRIM,,,,,|62 3RD CAR GARAGE SIDING AND TRIM,,,,|62,3RD CAR GARAGE SIDING AND TRIM,4155,Siding
|62C 3RD CAR GARAGE SIDING AND TRIM ,|62 3RD CAR GARAGE SIDING AND TRIM,7,C,,,4155,Siding,,,|62 3RD CAR GARAGE SIDING AND TRIM,,,,,|62 3RD CAR GARAGE SIDING AND TRIM,,,,|62,3RD CAR GARAGE SIDING AND TRIM,4155,Siding
|62C 3RD CAR GARAGE SIDING AND TRIM - 3CARC,|62 3RD CAR GARAGE SIDING AND TRIM,7,C,3CARC,3CARC,4155,Siding,,,|62 3RD CAR GARAGE SIDING AND TRIM,3CARC,,,,|62 3RD CAR GARAGE SIDING AND TRIM,,,,|62,3RD CAR GARAGE SIDING AND TRIM,4155,Siding
|62C 3RD CAR GARAGE SIDING AND TRIM - ELVC - 3CARC,|62 3RD CAR GARAGE SIDING AND TRIM,7,C,3CARC,"ELVC, 3CARC",4155,Siding,,,|62 3RD CAR GARAGE SIDING AND TRIM,ELVC,3CARC,,,|62 3RD CAR GARAGE SIDING AND TRIM,,,,|62,3RD CAR GARAGE SIDING AND TRIM,4155,Siding
|62C OPT 3CAR EXTERIOR TRIM AND SIDING - ELVC - 3CARC,|62 OPT 3CAR EXTERIOR TRIM AND SIDING,7,C,3CARC,"ELVC, 3CARC",4155,Siding,,,|62 OPT 3CAR EXTERIOR TRIM AND SIDING,ELVC,3CARC,,,|62 OPT 3CAR EXTERIOR TRIM AND SIDING,,,,|62,OPT 3CAR EXTERIOR TRIM AND SIDING,4155,Siding
|62D 3RD CAR GARAGE SIDING AND TRIM ,|62 3RD CAR GARAGE SIDING AND TRIM,7,D,,,4155,Siding,,,|62 3RD CAR GARAGE SIDING AND TRIM,,,,,|62 3RD CAR GARAGE SIDING AND TRIM,,,,|62,3RD CAR GARAGE SIDING AND TRIM,4155,Siding
|62xA OPT EXTENDED GARAGE SIDING - 2CAR4XA,|62x OPT EXTENDED GARAGE SIDING,7,,2CAR4XA,2CAR4XA,4155,Siding,,,|62xA OPT EXTENDED GARAGE SIDING,2CAR4XA,,,,COVP,,,,COV,P,4155,Siding
|62xB OPT EXTENDED GARAGE SIDING - 2CAR4XB,|62x OPT EXTENDED GARAGE SIDING,7,,2CAR4XB,2CAR4XB,4155,Siding,,,|62xB OPT EXTENDED GARAGE SIDING,2CAR4XB,,,,|62xB OPT EXTENDED GARAGE SIDING,,,,|62,xB OPT EXTENDED GARAGE SIDING,4155,Siding
|62xC OPT EXTENDED GARAGE SIDING - 2CAR4XC,|62x OPT EXTENDED GARAGE SIDING,7,,2CAR4XC,2CAR4XC,4155,Siding,,,|62xC OPT EXTENDED GARAGE SIDING,2CAR4XC,,,,|62xC OPT EXTENDED GARAGE SIDING,,,,|62,xC OPT EXTENDED GARAGE SIDING,4155,Siding
|63 COVERED PATIO SIDING - COVP,|63 COVERED PATIO SIDING,7,,COVP,COVP,4155,Siding,,,|63 COVERED PATIO SIDING,COVP,,,,|63 COVERED PATIO SIDING,,,,|63,COVERED PATIO SIDING,4155,Siding
|63.1 COVERED DECK PATIO HOUSEWRAP - COVP,|63.1 COVERED DECK PATIO HOUSEWRAP,6,,COVP,COVP,4155,Siding,,,|63.1 COVERED DECK PATIO HOUSEWRAP,COVP,,,,|63.1 COVERED DECK PATIO HOUSEWRAP,,,,|63,.1 COVERED DECK PATIO HOUSEWRAP,4155,Siding
|63.1 COVERED PATIO 1 SIDING,|63.1 COVERED PATIO 1 SIDING,7,,,,4155,Siding,,,|63.1 COVERED PATIO 1 SIDING,,,,,|63.1 COVERED PATIO 1 SIDING,,,,|63,.1 COVERED PATIO 1 SIDING,4155,Siding
|63.1 COVERED PATIO HOUSEWRAP - COVP,|63.1 COVERED PATIO HOUSEWRAP,6,,COVP,COVP,4155,Siding,,,|63.1 COVERED PATIO HOUSEWRAP,COVP,,,,|63.1 COVERED PATIO HOUSEWRAP,,,,|63,.1 COVERED PATIO HOUSEWRAP,4155,Siding
|63.1 OPT COVERED PATIO 1 SIDING - COVD - COVP,|63.1 OPT COVERED PATIO 1 SIDING,7,,"COVD, COVP","COVD, COVP",4155,Siding,,,|63.1 OPT COVERED PATIO 1 SIDING,COVD,COVP,,,|63.1 OPT COVERED PATIO 1 SIDING,,,,|63,.1 OPT COVERED PATIO 1 SIDING,4155,Siding
|63.1ABC OPT COVERED PATIO 1 SIDING - COVP - COVD,|63.1 OPT COVERED PATIO 1 SIDING,7,"A, B, C","COVP, COVD","COVP, COVD",4155,Siding,,,|63.1ABC OPT COVERED PATIO 1 SIDING,COVP,COVD,,,|63.1ABC OPT COVERED PATIO 1 SIDING,,,,|63,.1ABC OPT COVERED PATIO 1 SIDING,4155,Siding
|63.1 OPT COVERED PATIO SIDING - COVP,|63.1 OPT COVERED PATIO SIDING,7,,COVP,COVP,4155,Siding,,,|63.1 OPT COVERED PATIO SIDING,COVP,,,,|63.1 OPT COVERED PATIO SIDING,,,,|63,.1 OPT COVERED PATIO SIDING,4155,Siding
|63.1pw OPT COVERED PATIO POST WRAP- COVP,|63.1pw OPT COVERED PATIO POST WRAP,7 or 8,,COVP,COVP,4155,Siding,,,|63.1pw OPT COVERED PATIO POST WRAP,COVP,,,,|63.1pw OPT COVERED PATIO POST WRAP,,,,|63,.1pw OPT COVERED PATIO POST WRAP,4155,Siding
|63.2 COVERED PATIO 2 SIDING - COVP2,|63.2 COVERED PATIO 2 SIDING,7,,COVP2,COVP2,4155,Siding,,,|63.2 COVERED PATIO 2 SIDING,COVP2,,,,|63.2 COVERED PATIO 2 SIDING,,,,|63,.2 COVERED PATIO 2 SIDING,4155,Siding
|63.2.pw COVERED PATIO 2 POST WRAP - COVD2 - COVP2,|63.2.pw COVERED PATIO 2 POST WRAP,7 or 8,,"COVD2, COVP2","COVD2, COVP2",4155,Siding,,,|63.2.pw COVERED PATIO 2 POST WRAP,COVD2,COVP2,,,|63.2.pw COVERED PATIO 2 POST WRAP,,,,|63,.2.pw COVERED PATIO 2 POST WRAP,4155,Siding
|63.2pw COVERED PATIO 2 POST WRAP - COVP2,|63.2pw COVERED PATIO 2 POST WRAP,7 or 8,,COVP2,COVP2,4155,Siding,,,|63.2pw COVERED PATIO 2 POST WRAP,COVP2,,,,|63.2pw COVERED PATIO 2 POST WRAP,,,,|63,.2pw COVERED PATIO 2 POST WRAP,4155,Siding
|63.3 OPT COVERED PATIO SIDING - COVP3,|63.3 OPT COVERED PATIO SIDING,7,,COVP3,COVP3,4155,Siding,,,|63.3 OPT COVERED PATIO SIDING,COVP3,,,,|63.3 OPT COVERED PATIO SIDING,,,,|63,.3 OPT COVERED PATIO SIDING,4155,Siding
|63.3.pw COVERED PATIO 2 POST WRAP - COVD3 - COVP3,|63.3.pw COVERED PATIO 2 POST WRAP,7 or 8,,"COVD3, COVP3","COVD3, COVP3",4155,Siding,,,|63.3.pw COVERED PATIO 2 POST WRAP,COVD3,COVP3,,,|63.3.pw COVERED PATIO 2 POST WRAP,,,,|63,.3.pw COVERED PATIO 2 POST WRAP,4155,Siding
|63.3pw OPT COVERED PATIO POST WRAP- COVP3,|63.3pw OPT COVERED PATIO POST WRAP,7 or 8,,COVP3,COVP3,4155,Siding,,,|63.3pw OPT COVERED PATIO POST WRAP,COVP3,,,,|63.3pw OPT COVERED PATIO POST WRAP,,,,|63,.3pw OPT COVERED PATIO POST WRAP,4155,Siding
|63.61 COVERED PATIO SUNROOM SIDING - COVPSN1,|63.61 COVERED PATIO SUNROOM SIDING,7,,COVPSN1,COVPSN1,4155,Siding,,,|63.61 COVERED PATIO SUNROOM SIDING,COVPSN1,,,,|63.61 COVERED PATIO SUNROOM SIDING,,,,|63,.61 COVERED PATIO SUNROOM SIDING,4155,Siding
|63.61pw COVERED PATIO SUNROOM POST WRAP - COVP,|63.61pw COVERED PATIO SUNROOM POST WRAP,7 or 8,,COVP,COVP,4155,Siding,,,|63.61pw COVERED PATIO SUNROOM POST WRAP,COVP,,,,|63.61pw COVERED PATIO SUNROOM POST WRAP,,,,|63,.61pw COVERED PATIO SUNROOM POST WRAP,4155,Siding
|63.pw COVERED PATIO POST WRAP - COVP,|63.pw COVERED PATIO POST WRAP,7,,COVP,COVP,4155,Siding,,,|63.pw COVERED PATIO POST WRAP,COVP,,,,|63.pw COVERED PATIO POST WRAP,,,,|63,.pw COVERED PATIO POST WRAP,4155,Siding
|63.sr COVERED PATIO @ SUNROOM SIDING - COVPSN1 - COVD1SN,|63.sr COVERED PATIO @ SUNROOM SIDING,7,,"COVPSN1, COVD1SN","COVPSN1, COVD1SN",4155,Siding,,,|63.sr COVERED PATIO @ SUNROOM SIDING,COVPSN1,COVD1SN,,,|63.sr COVERED PATIO @ SUNROOM SIDING,,,,|63,.sr COVERED PATIO @ SUNROOM SIDING,4155,Siding
|63.x EXTENDED COVERED PATIO SIDING - COVPX,|63.x EXTENDED COVERED PATIO SIDING,7,,COVPX,COVPX,4155,Siding,,,|63.x EXTENDED COVERED PATIO SIDING,COVPX,,,,|63.x EXTENDED COVERED PATIO SIDING,,,,|63,.x EXTENDED COVERED PATIO SIDING,4155,Siding
|63.xpw EXTENDED COVERED PATIO POST WRAP - COVPX,|63.xpw EXTENDED COVERED PATIO POST WRAP,7 or 8,,COVPX,COVPX,4155,Siding,,,|63.xpw EXTENDED COVERED PATIO POST WRAP,COVPX,,,,|63.xpw EXTENDED COVERED PATIO POST WRAP,,,,|63,.xpw EXTENDED COVERED PATIO POST WRAP,4155,Siding
|65.1 OPT COVERED DECK SIDING - COVD,|65.1 OPT COVERED DECK SIDING,7,,COVD,COVD,4155,Siding,,,|65.1 OPT COVERED DECK SIDING,COVD,,,,|65.1 OPT COVERED DECK SIDING,,,,|65,.1 OPT COVERED DECK SIDING,4155,Siding
|65.1pw OPT COVERED DECK POST WRAP- COVD,|65.1pw OPT COVERED DECK POST WRAP,7 or 8,,COVD,COVD,4155,Siding,,,|65.1pw OPT COVERED DECK POST WRAP,COVD,,,,|65.1pw OPT COVERED DECK POST WRAP,,,,|65,.1pw OPT COVERED DECK POST WRAP,4155,Siding
|65.1pw POST WRAP - COVD,|65.1pw POST WRAP,7 or 8,,COVD,COVD,4155,Siding,,,|65.1pw POST WRAP,COVD,,,,|65.1pw POST WRAP,,,,|65,.1pw POST WRAP,4155,Siding
|65.2 COVERED DECK 2 SIDING - COVD2,|65.2 COVERED DECK 2 SIDING,7,,COVD2,COVD2,4155,Siding,,,|65.2 COVERED DECK 2 SIDING,COVD2,,,,|65.2 COVERED DECK 2 SIDING,,,,|65,.2 COVERED DECK 2 SIDING,4155,Siding
|65.2pw COVERED DECK 2 POST WRAP - COVD2,|65.2pw COVERED DECK 2 POST WRAP,7,,COVD2,COVD2,4155,Siding,,,|65.2pw COVERED DECK 2 POST WRAP,COVD2,,,,|65.2pw COVERED DECK 2 POST WRAP,,,,|65,.2pw COVERED DECK 2 POST WRAP,4155,Siding
|65.2pw COVERED DECK POST WRAP - COVD2,|65.2pw COVERED DECK POST WRAP,7,,COVD2,COVD2,4155,Siding,,,|65.2pw COVERED DECK POST WRAP,COVD2,,,,|65.2pw COVERED DECK POST WRAP,,,,|65,.2pw COVERED DECK POST WRAP,4155,Siding
|65.3 OPT COVERED DECK SIDING - COVD3,|65.3 OPT COVERED DECK SIDING,7,,COVD3,COVD3,4155,Siding,,,|65.3 OPT COVERED DECK SIDING,COVD3,,,,|65.3 OPT COVERED DECK SIDING,,,,|65,.3 OPT COVERED DECK SIDING,4155,Siding
|65.3pw OPT COVERED DECK POST WRAP- COVD3,|65.3pw OPT COVERED DECK POST WRAP,7 or 8,,COVD3,COVD3,4155,Siding,,,|65.3pw OPT COVERED DECK POST WRAP,COVD3,,,,|65.3pw OPT COVERED DECK POST WRAP,,,,|65,.3pw OPT COVERED DECK POST WRAP,4155,Siding
|74.1 DECK SURFACE & RAIL - DECK,|74.1 DECK SURFACE & RAIL,8 or 9,,DECK,DECK,4155,Siding,,,|74.1 DECK SURFACE & RAIL,DECK,,,,|74.1 DECK SURFACE & RAIL,,,,|74,.1 DECK SURFACE & RAIL,4155,Siding
|74.2 DECK SURFACE & RAIL  - DECK2,|74.2 DECK SURFACE & RAIL,8 or 9,,DECK2,DECK2,4155,Siding,,,|74.2 DECK SURFACE & RAIL,DECK2,,,,|74.2 DECK SURFACE & RAIL,,,,|74,.2 DECK SURFACE & RAIL,4155,Siding
|74.3 DECK SURFACE & RAIL - DECK3,|74.3 DECK SURFACE & RAIL,8 or 9,,DECK3,DECK3,4155,Siding,,,|74.3 DECK SURFACE & RAIL,DECK3,,,,|74.3 DECK SURFACE & RAIL,,,,|74,.3 DECK SURFACE & RAIL,4155,Siding
|74.60 DECK SURFACE & RAIL @ EXT GRT RM - XGREAT - COVD2 - WO2,|74.60 DECK SURFACE & RAIL @ EXT GRT RM,8 or 9,,"XGREAT, COVD2, WO2","XGREAT, COVD2, WO2",4155,Siding,,,|74.60 DECK SURFACE & RAIL @ EXT GRT RM,XGREAT,COVD2,WO2,,|74.60 DECK SURFACE & RAIL @ EXT GRT RM,,,,|74,.60 DECK SURFACE & RAIL @ EXT GRT RM,4155,Siding
|74.e EXT DECK SURFACE & RAIL - COVD2 - WO,|74.e EXT DECK SURFACE & RAIL,8 or 9,,"COVD2, WO","COVD2, WO",4155,Siding,,,|74.e EXT DECK SURFACE & RAIL,COVD2,WO,,,|74.e EXT DECK SURFACE & RAIL,,,,|74,.e EXT DECK SURFACE & RAIL,4155,Siding
|75.1 DECK SURFACE & RAIL - COVD,|75.1 DECK SURFACE & RAIL,8 or 9,,COVD,COVD,4155,Siding,,,|75.1 DECK SURFACE & RAIL,COVD,,,,|75.1 DECK SURFACE & RAIL,,,,|75,.1 DECK SURFACE & RAIL,4155,Siding
|75.1s STAIRS SURFACE & RAIL - COVD,|75.1s STAIRS SURFACE & RAIL,8 or 9,,COVD,COVD,4155,Siding,,,|75.1s STAIRS SURFACE & RAIL,COVD,,,,|75.1s STAIRS SURFACE & RAIL,,,,|75,.1s STAIRS SURFACE & RAIL,4155,Siding
|75.2 DECK SURFACE & RAIL - COVD2,|75.2 DECK SURFACE & RAIL,8 or 9,,COVD2,COVD2,4155,Siding,,,|75.2 DECK SURFACE & RAIL,COVD2,,,,|75.2 DECK SURFACE & RAIL,,,,|75,.2 DECK SURFACE & RAIL,4155,Siding
|75.2s STAIRS SURFACE & RAIL - COVD2,|75.2s STAIRS SURFACE & RAIL,8 or 9,,COVD2,COVD2,4155,Siding,,,|75.2s STAIRS SURFACE & RAIL,COVD2,,,,|75.2s STAIRS SURFACE & RAIL,,,,|75,.2s STAIRS SURFACE & RAIL,4155,Siding
|75.3 DECK SURFACE & RAIL - COVD3,|75.3 DECK SURFACE & RAIL,8 or 9,,COVD3,COVD3,4155,Siding,,,|75.3 DECK SURFACE & RAIL,COVD3,,,,|75.3 DECK SURFACE & RAIL,,,,|75,.3 DECK SURFACE & RAIL,4155,Siding
|75.tc DECK SURFACE & RAIL - TALLCRWL,|75.tc DECK SURFACE & RAIL,8 or 9,,TALLCRWL,TALLCRWL,4155,Siding,,,|75.tc DECK SURFACE & RAIL,TALLCRWL,,,,|75.tc DECK SURFACE & RAIL,,,,|75,.tc DECK SURFACE & RAIL,4155,Siding
|80 TALL CRAWL - TALLCRWL,|80 TALL CRAWL,1,,TALLCRWL,TALLCRWL,4085,Lumber,,,|80 TALL CRAWL,TALLCRWL,,,,|80 TALL CRAWL,,,,|80,TALL CRAWL,4085,Lumber
|90 TALL CRAWL SIDING - TALLCRWL,|90 TALL CRAWL SIDING,7,,TALLCRWL,TALLCRWL,4155,Siding,,,|90 TALL CRAWL SIDING,TALLCRWL,,,,|90 TALL CRAWL SIDING,,,,|90,TALL CRAWL SIDING,4155,Siding
